Date,Category,Units_Sold,Current_Stock_Level,UnitPrice
2024-01-01,Electronics,45,131,1200
2024-01-02,Electronics,56,148,1200
2024-01-03,Electronics,45,97,1200
2024-01-04,Electronics,53,104,1200
2024-01-05,Electronics,53,115,1200
2024-01-06,Electronics,35,107,1200
2024-01-07,Electronics,53,105,1200
2024-01-08,Electronics,65,121,1200
2024-01-09,Electronics,41,92,1200
2024-01-10,Electronics,52,94,1200
2024-01-11,Electronics,42,48,1200
2024-01-12,Electronics,48,89,1200
2024-01-13,Electronics,43,46,1200
2024-01-14,Electronics,53,121,1200
2024-01-15,Electronics,57,61,1200
2024-01-16,Electronics,55,129,1200
2024-01-17,Electronics,48,139,1200
2024-01-18,Electronics,50,129,1200
2024-01-19,Electronics,55,95,1200
2024-01-20,Electronics,49,142,1200
2024-01-21,Electronics,47,50,1200
2024-01-22,Electronics,53,54,1200
2024-01-23,Electronics,49,115,1200
2024-01-24,Electronics,56,76,1200
2024-01-25,Electronics,61,130,1200
2024-01-26,Electronics,68,110,1200
2024-01-27,Electronics,57,138,1200
2024-01-28,Electronics,58,126,1200
2024-01-29,Electronics,52,60,1200
2024-01-30,Electronics,53,136,1200
2024-01-31,Electronics,62,89,1200
2024-02-01,Electronics,54,79,1200
2024-02-02,Electronics,56,137,1200
2024-02-03,Electronics,62,144,1200
2024-02-04,Electronics,55,57,1200
2024-02-05,Electronics,64,136,1200
2024-02-06,Electronics,59,158,1200
2024-02-07,Electronics,59,153,1200
2024-02-08,Electronics,54,102,1200
2024-02-09,Electronics,60,76,1200
2024-02-10,Electronics,55,117,1200
2024-02-11,Electronics,60,114,1200
2024-02-12,Electronics,57,79,1200
2024-02-13,Electronics,62,95,1200
2024-02-14,Electronics,58,126,1200
2024-02-15,Electronics,68,82,1200
2024-02-16,Electronics,57,103,1200
2024-02-17,Electronics,55,57,1200
2024-02-18,Electronics,60,142,1200
2024-02-19,Electronics,64,91,1200
2024-02-20,Electronics,64,66,1200
2024-02-21,Electronics,59,62,1200
2024-02-22,Electronics,60,147,1200
2024-02-23,Electronics,61,91,1200
2024-02-24,Electronics,54,98,1200
2024-02-25,Electronics,64,122,1200
2024-02-26,Electronics,53,97,1200
2024-02-27,Electronics,54,128,1200
2024-02-28,Electronics,60,96,1200
2024-02-29,Electronics,58,122,1200
2024-03-01,Electronics,64,72,1200
2024-03-02,Electronics,62,78,1200
2024-03-03,Electronics,61,125,1200
2024-03-04,Electronics,54,56,1200
2024-03-05,Electronics,60,85,1200
2024-03-06,Electronics,60,112,1200
2024-03-07,Electronics,61,91,1200
2024-03-08,Electronics,58,83,1200
2024-03-09,Electronics,63,85,1200
2024-03-10,Electronics,59,88,1200
2024-03-11,Electronics,63,72,1200
2024-03-12,Electronics,65,136,1200
2024-03-13,Electronics,58,146,1200
2024-03-14,Electronics,57,120,1200
2024-03-15,Electronics,63,84,1200
2024-03-16,Electronics,54,68,1200
2024-03-17,Electronics,67,122,1200
2024-03-18,Electronics,61,134,1200
2024-03-19,Electronics,60,79,1200
2024-03-20,Electronics,64,110,1200
2024-03-21,Electronics,64,150,1200
2024-03-22,Electronics,61,113,1200
2024-03-23,Electronics,66,118,1200
2024-03-24,Electronics,58,58,1200
2024-03-25,Electronics,65,66,1200
2024-03-26,Electronics,56,113,1200
2024-03-27,Electronics,64,82,1200
2024-03-28,Electronics,60,121,1200
2024-03-29,Electronics,55,132,1200
2024-03-30,Electronics,63,134,1200
2024-03-31,Electronics,61,72,1200
2024-04-01,Electronics,54,79,1200
2024-04-02,Electronics,51,77,1200
2024-04-03,Electronics,61,89,1200
2024-04-04,Electronics,70,84,1200
2024-04-05,Electronics,63,108,1200
2024-04-06,Electronics,58,58,1200
2024-04-07,Electronics,67,126,1200
2024-04-08,Electronics,66,157,1200
2024-04-09,Electronics,68,124,1200
2024-04-10,Electronics,65,67,1200
2024-04-11,Electronics,66,83,1200
2024-04-12,Electronics,65,116,1200
2024-04-13,Electronics,59,118,1200
2024-04-14,Electronics,53,86,1200
2024-04-15,Electronics,59,154,1200
2024-04-16,Electronics,67,159,1200
2024-04-17,Electronics,59,147,1200
2024-04-18,Electronics,61,120,1200
2024-04-19,Electronics,55,80,1200
2024-04-20,Electronics,58,129,1200
2024-04-21,Electronics,61,79,1200
2024-04-22,Electronics,64,85,1200
2024-04-23,Electronics,59,151,1200
2024-04-24,Electronics,58,90,1200
2024-04-25,Electronics,65,102,1200
2024-04-26,Electronics,63,97,1200
2024-04-27,Electronics,63,129,1200
2024-04-28,Electronics,68,150,1200
2024-04-29,Electronics,58,67,1200
2024-04-30,Electronics,60,150,1200
2024-05-01,Electronics,63,77,1200
2024-05-02,Electronics,56,66,1200
2024-05-03,Electronics,62,151,1200
2024-05-04,Electronics,61,84,1200
2024-05-05,Electronics,74,150,1200
2024-05-06,Electronics,61,156,1200
2024-05-07,Electronics,66,69,1200
2024-05-08,Electronics,64,76,1200
2024-05-09,Electronics,54,126,1200
2024-05-10,Electronics,52,108,1200
2024-05-11,Electronics,61,158,1200
2024-05-12,Electronics,66,102,1200
2024-05-13,Electronics,61,108,1200
2024-05-14,Electronics,60,130,1200
2024-05-15,Electronics,58,58,1200
2024-05-16,Electronics,53,112,1200
2024-05-17,Electronics,54,65,1200
2024-05-18,Electronics,51,71,1200
2024-05-19,Electronics,53,63,1200
2024-05-20,Electronics,56,99,1200
2024-05-21,Electronics,63,120,1200
2024-05-22,Electronics,56,99,1200
2024-05-23,Electronics,60,137,1200
2024-05-24,Electronics,59,156,1200
2024-05-25,Electronics,61,94,1200
2024-05-26,Electronics,53,77,1200
2024-05-27,Electronics,63,66,1200
2024-05-28,Electronics,51,114,1200
2024-05-29,Electronics,56,145,1200
2024-05-30,Electronics,58,73,1200
2024-05-31,Electronics,61,70,1200
2024-06-01,Electronics,64,129,1200
2024-06-02,Electronics,61,95,1200
2024-06-03,Electronics,64,146,1200
2024-06-04,Electronics,53,58,1200
2024-06-05,Electronics,63,81,1200
2024-06-06,Electronics,62,120,1200
2024-06-07,Electronics,45,97,1200
2024-06-08,Electronics,55,62,1200
2024-06-09,Electronics,59,136,1200
2024-06-10,Electronics,54,63,1200
2024-06-11,Electronics,51,117,1200
2024-06-12,Electronics,66,103,1200
2024-06-13,Electronics,56,84,1200
2024-06-14,Electronics,56,70,1200
2024-06-15,Electronics,49,135,1200
2024-06-16,Electronics,52,74,1200
2024-06-17,Electronics,51,132,1200
2024-06-18,Electronics,60,105,1200
2024-06-19,Electronics,57,139,1200
2024-06-20,Electronics,52,79,1200
2024-06-21,Electronics,57,82,1200
2024-06-22,Electronics,53,62,1200
2024-06-23,Electronics,55,101,1200
2024-06-24,Electronics,55,58,1200
2024-06-25,Electronics,56,110,1200
2024-06-26,Electronics,55,120,1200
2024-06-27,Electronics,56,122,1200
2024-06-28,Electronics,60,66,1200
2024-06-29,Electronics,56,110,1200
2024-06-30,Electronics,51,130,1200
2024-07-01,Electronics,52,82,1200
2024-07-02,Electronics,59,132,1200
2024-07-03,Electronics,53,71,1200
2024-07-04,Electronics,51,78,1200
2024-07-05,Electronics,49,129,1200
2024-07-06,Electronics,54,81,1200
2024-07-07,Electronics,48,66,1200
2024-07-08,Electronics,58,144,1200
2024-07-09,Electronics,47,66,1200
2024-07-10,Electronics,59,71,1200
2024-07-11,Electronics,50,126,1200
2024-07-12,Electronics,46,88,1200
2024-07-13,Electronics,52,62,1200
2024-07-14,Electronics,46,93,1200
2024-07-15,Electronics,51,65,1200
2024-07-16,Electronics,48,64,1200
2024-07-17,Electronics,55,108,1200
2024-07-18,Electronics,51,100,1200
2024-07-19,Electronics,44,71,1200
2024-07-20,Electronics,47,129,1200
2024-07-21,Electronics,53,56,1200
2024-07-22,Electronics,56,77,1200
2024-07-23,Electronics,49,134,1200
2024-07-24,Electronics,44,82,1200
2024-07-25,Electronics,55,88,1200
2024-07-26,Electronics,53,149,1200
2024-07-27,Electronics,56,99,1200
2024-07-28,Electronics,50,91,1200
2024-07-29,Electronics,46,85,1200
2024-07-30,Electronics,51,147,1200
2024-07-31,Electronics,50,61,1200
2024-08-01,Electronics,45,46,1200
2024-08-02,Electronics,49,76,1200
2024-08-03,Electronics,47,120,1200
2024-08-04,Electronics,52,137,1200
2024-08-05,Electronics,50,130,1200
2024-08-06,Electronics,42,131,1200
2024-08-07,Electronics,42,108,1200
2024-08-08,Electronics,47,117,1200
2024-08-09,Electronics,48,119,1200
2024-08-10,Electronics,51,134,1200
2024-08-11,Electronics,50,125,1200
2024-08-12,Electronics,54,152,1200
2024-08-13,Electronics,45,125,1200
2024-08-14,Electronics,44,135,1200
2024-08-15,Electronics,42,51,1200
2024-08-16,Electronics,50,135,1200
2024-08-17,Electronics,47,103,1200
2024-08-18,Electronics,37,133,1200
2024-08-19,Electronics,47,132,1200
2024-08-20,Electronics,48,84,1200
2024-08-21,Electronics,45,121,1200
2024-08-22,Electronics,47,137,1200
2024-08-23,Electronics,40,103,1200
2024-08-24,Electronics,54,132,1200
2024-08-25,Electronics,48,133,1200
2024-08-26,Electronics,37,130,1200
2024-08-27,Electronics,46,85,1200
2024-08-28,Electronics,48,145,1200
2024-08-29,Electronics,40,99,1200
2024-08-30,Electronics,48,145,1200
2024-08-31,Electronics,54,101,1200
2024-09-01,Electronics,42,140,1200
2024-09-02,Electronics,47,65,1200
2024-09-03,Electronics,46,117,1200
2024-09-04,Electronics,50,82,1200
2024-09-05,Electronics,44,87,1200
2024-09-06,Electronics,40,131,1200
2024-09-07,Electronics,49,85,1200
2024-09-08,Electronics,40,128,1200
2024-09-09,Electronics,54,89,1200
2024-09-10,Electronics,48,128,1200
2024-09-11,Electronics,42,129,1200
2024-09-12,Electronics,50,70,1200
2024-09-13,Electronics,45,46,1200
2024-09-14,Electronics,43,73,1200
2024-09-15,Electronics,41,137,1200
2024-09-16,Electronics,35,64,1200
2024-09-17,Electronics,48,123,1200
2024-09-18,Electronics,36,79,1200
2024-09-19,Electronics,41,52,1200
2024-09-20,Electronics,47,97,1200
2024-09-21,Electronics,42,90,1200
2024-09-22,Electronics,45,68,1200
2024-09-23,Electronics,38,61,1200
2024-09-24,Electronics,43,102,1200
2024-09-25,Electronics,45,55,1200
2024-09-26,Electronics,40,52,1200
2024-09-27,Electronics,53,143,1200
2024-09-28,Electronics,41,112,1200
2024-09-29,Electronics,51,124,1200
2024-09-30,Electronics,44,115,1200
2024-10-01,Electronics,37,100,1200
2024-10-02,Electronics,39,58,1200
2024-10-03,Electronics,45,116,1200
2024-10-04,Electronics,50,122,1200
2024-10-05,Electronics,53,123,1200
2024-10-06,Electronics,45,122,1200
2024-10-07,Electronics,39,66,1200
2024-10-08,Electronics,46,47,1200
2024-10-09,Electronics,41,83,1200
2024-10-10,Electronics,47,54,1200
2024-10-11,Electronics,40,52,1200
2024-10-12,Electronics,34,118,1200
2024-10-13,Electronics,52,143,1200
2024-10-14,Electronics,44,78,1200
2024-10-15,Electronics,45,67,1200
2024-10-16,Electronics,50,95,1200
2024-10-17,Electronics,55,69,1200
2024-10-18,Electronics,49,50,1200
2024-10-19,Electronics,46,106,1200
2024-10-20,Electronics,48,123,1200
2024-10-21,Electronics,44,107,1200
2024-10-22,Electronics,46,97,1200
2024-10-23,Electronics,46,81,1200
2024-10-24,Electronics,42,108,1200
2024-10-25,Electronics,46,114,1200
2024-10-26,Electronics,48,114,1200
2024-10-27,Electronics,49,95,1200
2024-10-28,Electronics,48,130,1200
2024-10-29,Electronics,40,41,1200
2024-10-30,Electronics,52,95,1200
2024-10-31,Electronics,52,115,1200
2024-11-01,Electronics,46,126,1200
2024-11-02,Electronics,49,126,1200
2024-11-03,Electronics,46,73,1200
2024-11-04,Electronics,51,141,1200
2024-11-05,Electronics,43,96,1200
2024-11-06,Electronics,54,127,1200
2024-11-07,Electronics,51,117,1200
2024-11-08,Electronics,51,86,1200
2024-11-09,Electronics,47,109,1200
2024-11-10,Electronics,40,64,1200
2024-11-11,Electronics,52,137,1200
2024-11-12,Electronics,41,88,1200
2024-11-13,Electronics,52,90,1200
2024-11-14,Electronics,44,90,1200
2024-11-15,Electronics,40,133,1200
2024-11-16,Electronics,48,68,1200
2024-11-17,Electronics,54,83,1200
2024-11-18,Electronics,44,135,1200
2024-11-19,Electronics,57,87,1200
2024-11-20,Electronics,52,77,1200
2024-11-21,Electronics,50,71,1200
2024-11-22,Electronics,47,67,1200
2024-11-23,Electronics,48,48,1200
2024-11-24,Electronics,52,88,1200
2024-11-25,Electronics,54,130,1200
2024-11-26,Electronics,47,131,1200
2024-11-27,Electronics,46,91,1200
2024-11-28,Electronics,49,57,1200
2024-11-29,Electronics,57,73,1200
2024-11-30,Electronics,44,90,1200
2024-12-01,Electronics,56,140,1200
2024-12-02,Electronics,51,145,1200
2024-12-03,Electronics,43,101,1200
2024-12-04,Electronics,49,102,1200
2024-12-05,Electronics,54,139,1200
2024-12-06,Electronics,61,72,1200
2024-12-07,Electronics,45,108,1200
2024-12-08,Electronics,38,43,1200
2024-12-09,Electronics,46,98,1200
2024-12-10,Electronics,58,73,1200
2024-12-11,Electronics,43,132,1200
2024-12-12,Electronics,60,64,1200
2024-12-13,Electronics,59,131,1200
2024-12-14,Electronics,54,99,1200
2024-12-15,Electronics,50,63,1200
2024-12-16,Electronics,54,97,1200
2024-12-17,Electronics,57,119,1200
2024-12-18,Electronics,56,149,1200
2024-12-19,Electronics,63,114,1200
2024-12-20,Electronics,53,78,1200
2024-12-21,Electronics,48,100,1200
2024-12-22,Electronics,47,75,1200
2024-12-23,Electronics,46,64,1200
2024-12-24,Electronics,56,102,1200
2024-12-25,Electronics,54,61,1200
2024-12-26,Electronics,55,77,1200
2024-12-27,Electronics,53,87,1200
2024-12-28,Electronics,50,144,1200
2024-12-29,Electronics,59,111,1200
2024-12-30,Electronics,44,142,1200
2024-12-31,Electronics,52,147,1200
2025-01-01,Electronics,60,117,1200
2025-01-02,Electronics,52,56,1200
2025-01-03,Electronics,59,74,1200
2025-01-04,Electronics,53,69,1200
2025-01-05,Electronics,55,86,1200
2025-01-06,Electronics,60,155,1200
2025-01-07,Electronics,51,102,1200
2025-01-08,Electronics,61,80,1200
2025-01-09,Electronics,58,123,1200
2025-01-10,Electronics,64,147,1200
2025-01-11,Electronics,59,140,1200
2025-01-12,Electronics,53,53,1200
2025-01-13,Electronics,67,124,1200
2025-01-14,Electronics,54,146,1200
2025-01-15,Electronics,58,150,1200
2025-01-16,Electronics,64,146,1200
2025-01-17,Electronics,50,93,1200
2025-01-18,Electronics,67,72,1200
2025-01-19,Electronics,54,103,1200
2025-01-20,Electronics,57,128,1200
2025-01-21,Electronics,61,148,1200
2025-01-22,Electronics,60,79,1200
2025-01-23,Electronics,64,77,1200
2025-01-24,Electronics,52,56,1200
2025-01-25,Electronics,64,104,1200
2025-01-26,Electronics,65,104,1200
2025-01-27,Electronics,66,99,1200
2025-01-28,Electronics,53,132,1200
2025-01-29,Electronics,54,98,1200
2025-01-30,Electronics,60,130,1200
2025-01-31,Electronics,55,134,1200
2025-02-01,Electronics,53,123,1200
2025-02-02,Electronics,60,86,1200
2025-02-03,Electronics,63,140,1200
2025-02-04,Electronics,76,153,1200
2025-02-05,Electronics,65,108,1200
2025-02-06,Electronics,71,103,1200
2025-02-07,Electronics,62,94,1200
2025-02-08,Electronics,66,109,1200
2025-02-09,Electronics,62,81,1200
2025-02-10,Electronics,77,112,1200
2025-02-11,Electronics,60,66,1200
2025-02-12,Electronics,61,92,1200
2025-02-13,Electronics,68,134,1200
2025-02-14,Electronics,65,103,1200
2025-02-15,Electronics,62,154,1200
2025-02-16,Electronics,69,92,1200
2025-02-17,Electronics,64,149,1200
2025-02-18,Electronics,64,133,1200
2025-02-19,Electronics,66,153,1200
2025-02-20,Electronics,56,142,1200
2025-02-21,Electronics,57,110,1200
2025-02-22,Electronics,70,107,1200
2025-02-23,Electronics,62,135,1200
2025-02-24,Electronics,64,143,1200
2025-02-25,Electronics,73,147,1200
2025-02-26,Electronics,65,96,1200
2025-02-27,Electronics,64,108,1200
2025-02-28,Electronics,70,130,1200
2025-03-01,Electronics,63,132,1200
2025-03-02,Electronics,72,159,1200
2025-03-03,Electronics,70,166,1200
2025-03-04,Electronics,75,127,1200
2025-03-05,Electronics,63,113,1200
2025-03-06,Electronics,73,148,1200
2025-03-07,Electronics,69,124,1200
2025-03-08,Electronics,60,86,1200
2025-03-09,Electronics,53,90,1200
2025-03-10,Electronics,62,123,1200
2025-03-11,Electronics,68,85,1200
2025-03-12,Electronics,69,132,1200
2025-03-13,Electronics,66,142,1200
2025-03-14,Electronics,66,95,1200
2025-03-15,Electronics,66,114,1200
2025-03-16,Electronics,72,112,1200
2025-03-17,Electronics,60,72,1200
2025-03-18,Electronics,68,101,1200
2025-03-19,Electronics,63,162,1200
2025-03-20,Electronics,63,156,1200
2025-03-21,Electronics,73,97,1200
2025-03-22,Electronics,62,127,1200
2025-03-23,Electronics,67,166,1200
2025-03-24,Electronics,77,94,1200
2025-03-25,Electronics,72,76,1200
2025-03-26,Electronics,65,83,1200
2025-03-27,Electronics,66,107,1200
2025-03-28,Electronics,61,78,1200
2025-03-29,Electronics,74,105,1200
2025-03-30,Electronics,73,93,1200
2025-03-31,Electronics,71,80,1200
2025-04-01,Electronics,71,107,1200
2025-04-02,Electronics,64,112,1200
2025-04-03,Electronics,60,145,1200
2025-04-04,Electronics,70,82,1200
2025-04-05,Electronics,72,126,1200
2025-04-06,Electronics,76,92,1200
2025-04-07,Electronics,67,75,1200
2025-04-08,Electronics,66,153,1200
2025-04-09,Electronics,66,109,1200
2025-04-10,Electronics,71,148,1200
2025-04-11,Electronics,66,111,1200
2025-04-12,Electronics,67,74,1200
2025-04-13,Electronics,72,108,1200
2025-04-14,Electronics,64,82,1200
2025-04-15,Electronics,74,136,1200
2025-04-16,Electronics,71,162,1200
2025-04-17,Electronics,58,103,1200
2025-04-18,Electronics,65,158,1200
2025-04-19,Electronics,57,127,1200
2025-04-20,Electronics,66,91,1200
2025-04-21,Electronics,65,110,1200
2025-04-22,Electronics,71,116,1200
2025-04-23,Electronics,63,137,1200
2025-04-24,Electronics,69,82,1200
2025-04-25,Electronics,70,154,1200
2025-04-26,Electronics,68,130,1200
2025-04-27,Electronics,73,144,1200
2025-04-28,Electronics,77,79,1200
2025-04-29,Electronics,67,94,1200
2025-04-30,Electronics,69,97,1200
2025-05-01,Electronics,62,148,1200
2025-05-02,Electronics,62,79,1200
2025-05-03,Electronics,72,106,1200
2025-05-04,Electronics,71,147,1200
2025-05-05,Electronics,61,136,1200
2025-05-06,Electronics,60,106,1200
2025-05-07,Electronics,63,67,1200
2025-05-08,Electronics,65,139,1200
2025-05-09,Electronics,64,122,1200
2025-05-10,Electronics,67,141,1200
2025-05-11,Electronics,71,129,1200
2025-05-12,Electronics,68,114,1200
2025-05-13,Electronics,68,162,1200
2025-05-14,Electronics,53,147,1200
2025-05-15,Electronics,57,69,1200
2025-05-16,Electronics,61,138,1200
2025-05-17,Electronics,62,150,1200
2025-05-18,Electronics,69,101,1200
2025-05-19,Electronics,61,157,1200
2025-05-20,Electronics,68,129,1200
2025-05-21,Electronics,61,139,1200
2025-05-22,Electronics,59,74,1200
2025-05-23,Electronics,59,102,1200
2025-05-24,Electronics,76,133,1200
2025-05-25,Electronics,60,65,1200
2025-05-26,Electronics,68,156,1200
2025-05-27,Electronics,56,70,1200
2025-05-28,Electronics,71,74,1200
2025-05-29,Electronics,66,121,1200
2025-05-30,Electronics,65,128,1200
2025-05-31,Electronics,66,133,1200
2025-06-01,Electronics,66,159,1200
2025-06-02,Electronics,67,100,1200
2025-06-03,Electronics,60,150,1200
2025-06-04,Electronics,60,154,1200
2025-06-05,Electronics,63,118,1200
2025-06-06,Electronics,66,97,1200
2025-06-07,Electronics,62,70,1200
2025-06-08,Electronics,66,128,1200
2025-06-09,Electronics,66,137,1200
2025-06-10,Electronics,61,138,1200
2025-06-11,Electronics,53,85,1200
2025-06-12,Electronics,59,145,1200
2025-06-13,Electronics,71,91,1200
2025-06-14,Electronics,63,117,1200
2025-06-15,Electronics,58,133,1200
2025-06-16,Electronics,63,119,1200
2025-06-17,Electronics,65,66,1200
2025-06-18,Electronics,58,70,1200
2025-06-19,Electronics,67,70,1200
2025-06-20,Electronics,63,146,1200
2025-06-21,Electronics,55,104,1200
2025-06-22,Electronics,65,112,1200
2025-06-23,Electronics,58,135,1200
2025-06-24,Electronics,59,88,1200
2025-06-25,Electronics,55,83,1200
2025-06-26,Electronics,63,70,1200
2025-06-27,Electronics,59,70,1200
2025-06-28,Electronics,63,103,1200
2025-06-29,Electronics,57,82,1200
2025-06-30,Electronics,56,105,1200
2025-07-01,Electronics,55,56,1200
2025-07-02,Electronics,61,115,1200
2025-07-03,Electronics,55,110,1200
2025-07-04,Electronics,58,71,1200
2025-07-05,Electronics,56,61,1200
2025-07-06,Electronics,61,155,1200
2025-07-07,Electronics,50,130,1200
2025-07-08,Electronics,59,147,1200
2025-07-09,Electronics,67,127,1200
2025-07-10,Electronics,64,159,1200
2025-07-11,Electronics,54,65,1200
2025-07-12,Electronics,60,72,1200
2025-07-13,Electronics,59,77,1200
2025-07-14,Electronics,64,107,1200
2025-07-15,Electronics,44,132,1200
2025-07-16,Electronics,62,156,1200
2025-07-17,Electronics,55,113,1200
2025-07-18,Electronics,53,89,1200
2025-07-19,Electronics,52,76,1200
2025-07-20,Electronics,50,65,1200
2025-07-21,Electronics,53,90,1200
2025-07-22,Electronics,51,93,1200
2025-07-23,Electronics,57,143,1200
2025-07-24,Electronics,59,72,1200
2025-07-25,Electronics,54,59,1200
2025-07-26,Electronics,63,151,1200
2025-07-27,Electronics,52,74,1200
2025-07-28,Electronics,54,113,1200
2025-07-29,Electronics,53,64,1200
2025-07-30,Electronics,58,70,1200
2025-07-31,Electronics,58,157,1200
2025-08-01,Electronics,57,154,1200
2025-08-02,Electronics,54,59,1200
2025-08-03,Electronics,48,110,1200
2025-08-04,Electronics,53,90,1200
2025-08-05,Electronics,61,110,1200
2025-08-06,Electronics,59,110,1200
2025-08-07,Electronics,55,94,1200
2025-08-08,Electronics,52,59,1200
2025-08-09,Electronics,53,113,1200
2025-08-10,Electronics,51,58,1200
2025-08-11,Electronics,59,155,1200
2025-08-12,Electronics,49,82,1200
2025-08-13,Electronics,58,136,1200
2025-08-14,Electronics,50,149,1200
2025-08-15,Electronics,59,118,1200
2025-08-16,Electronics,55,111,1200
2025-08-17,Electronics,49,147,1200
2025-08-18,Electronics,51,96,1200
2025-08-19,Electronics,56,77,1200
2025-08-20,Electronics,50,136,1200
2025-08-21,Electronics,52,91,1200
2025-08-22,Electronics,50,94,1200
2025-08-23,Electronics,61,115,1200
2025-08-24,Electronics,62,112,1200
2025-08-25,Electronics,59,144,1200
2025-08-26,Electronics,51,55,1200
2025-08-27,Electronics,50,144,1200
2025-08-28,Electronics,48,60,1200
2025-08-29,Electronics,59,86,1200
2025-08-30,Electronics,56,139,1200
2025-08-31,Electronics,56,152,1200
2025-09-01,Electronics,50,129,1200
2025-09-02,Electronics,42,103,1200
2025-09-03,Electronics,44,136,1200
2025-09-04,Electronics,51,137,1200
2025-09-05,Electronics,48,71,1200
2025-09-06,Electronics,48,145,1200
2025-09-07,Electronics,53,59,1200
2025-09-08,Electronics,56,93,1200
2025-09-09,Electronics,47,83,1200
2025-09-10,Electronics,44,111,1200
2025-09-11,Electronics,47,144,1200
2025-09-12,Electronics,46,87,1200
2025-09-13,Electronics,54,139,1200
2025-09-14,Electronics,51,55,1200
2025-09-15,Electronics,60,123,1200
2025-09-16,Electronics,54,103,1200
2025-09-17,Electronics,60,146,1200
2025-09-18,Electronics,44,58,1200
2025-09-19,Electronics,34,128,1200
2025-09-20,Electronics,52,124,1200
2025-09-21,Electronics,51,103,1200
2025-09-22,Electronics,50,74,1200
2025-09-23,Electronics,51,139,1200
2025-09-24,Electronics,45,129,1200
2025-09-25,Electronics,53,61,1200
2025-09-26,Electronics,54,91,1200
2025-09-27,Electronics,44,65,1200
2025-09-28,Electronics,49,135,1200
2025-09-29,Electronics,49,97,1200
2025-09-30,Electronics,47,114,1200
2025-10-01,Electronics,45,137,1200
2025-10-02,Electronics,51,65,1200
2025-10-03,Electronics,52,116,1200
2025-10-04,Electronics,48,101,1200
2025-10-05,Electronics,45,74,1200
2025-10-06,Electronics,53,145,1200
2025-10-07,Electronics,47,66,1200
2025-10-08,Electronics,49,81,1200
2025-10-09,Electronics,49,148,1200
2025-10-10,Electronics,57,142,1200
2025-10-11,Electronics,47,123,1200
2025-10-12,Electronics,60,66,1200
2025-10-13,Electronics,55,62,1200
2025-10-14,Electronics,60,87,1200
2025-10-15,Electronics,54,98,1200
2025-10-16,Electronics,50,122,1200
2025-10-17,Electronics,47,135,1200
2025-10-18,Electronics,49,128,1200
2025-10-19,Electronics,59,132,1200
2025-10-20,Electronics,51,61,1200
2025-10-21,Electronics,55,85,1200
2025-10-22,Electronics,53,64,1200
2025-10-23,Electronics,53,147,1200
2025-10-24,Electronics,53,130,1200
2025-10-25,Electronics,54,104,1200
2025-10-26,Electronics,48,91,1200
2025-10-27,Electronics,51,146,1200
2025-10-28,Electronics,54,103,1200
2025-10-29,Electronics,53,69,1200
2025-10-30,Electronics,50,84,1200
2025-10-31,Electronics,54,54,1200
2025-11-01,Electronics,49,77,1200
2025-11-02,Electronics,46,96,1200
2025-11-03,Electronics,54,117,1200
2025-11-04,Electronics,47,50,1200
2025-11-05,Electronics,54,140,1200
2025-11-06,Electronics,43,70,1200
2025-11-07,Electronics,49,64,1200
2025-11-08,Electronics,52,114,1200
2025-11-09,Electronics,45,120,1200
2025-11-10,Electronics,52,104,1200
2025-11-11,Electronics,60,144,1200
2025-11-12,Electronics,47,63,1200
2025-11-13,Electronics,52,91,1200
2025-11-14,Electronics,62,74,1200
2025-11-15,Electronics,49,100,1200
2025-11-16,Electronics,61,118,1200
2025-11-17,Electronics,53,148,1200
2025-11-18,Electronics,55,91,1200
2025-11-19,Electronics,61,139,1200
2025-11-20,Electronics,52,127,1200
2025-11-21,Electronics,58,118,1200
2025-11-22,Electronics,60,138,1200
2025-11-23,Electronics,52,85,1200
2025-11-24,Electronics,52,121,1200
2025-11-25,Electronics,54,70,1200
2025-11-26,Electronics,55,74,1200
2025-11-27,Electronics,51,123,1200
2025-11-28,Electronics,53,111,1200
2025-11-29,Electronics,39,107,1200
2025-11-30,Electronics,55,141,1200
2025-12-01,Electronics,61,93,1200
2025-12-02,Electronics,48,125,1200
2025-12-03,Electronics,55,71,1200
2025-12-04,Electronics,69,125,1200
2025-12-05,Electronics,57,139,1200
2025-12-06,Electronics,64,160,1200
2025-12-07,Electronics,53,53,1200
2025-12-08,Electronics,60,72,1200
2025-12-09,Electronics,52,78,1200
2025-12-10,Electronics,60,129,1200
2025-12-11,Electronics,62,120,1200
2025-12-12,Electronics,61,66,1200
2025-12-13,Electronics,57,153,1200
2025-12-14,Electronics,60,153,1200
2025-12-15,Electronics,60,158,1200
2025-12-16,Electronics,63,85,1200
2025-12-17,Electronics,59,68,1200
2025-12-18,Electronics,64,114,1200
2025-12-19,Electronics,67,85,1200
2025-12-20,Electronics,58,108,1200
2025-12-21,Electronics,60,151,1200
2025-12-22,Electronics,56,142,1200
2025-12-23,Electronics,62,129,1200
2025-12-24,Electronics,62,145,1200
2025-12-25,Electronics,61,143,1200
2025-12-26,Electronics,62,103,1200
2025-12-27,Electronics,71,161,1200
2025-12-28,Electronics,47,103,1200
2025-12-29,Electronics,59,156,1200
2025-12-30,Electronics,60,127,1200
2025-12-31,Electronics,69,106,1200
2026-01-01,Electronics,65,126,1200
2026-01-02,Electronics,65,71,1200
2026-01-03,Electronics,69,139,1200
2026-01-04,Electronics,62,111,1200
2026-01-05,Electronics,66,117,1200
2026-01-06,Electronics,60,85,1200
2026-01-07,Electronics,58,83,1200
2026-01-08,Electronics,72,90,1200
2026-01-09,Electronics,66,74,1200
2026-01-10,Electronics,67,127,1200
2026-01-11,Electronics,59,78,1200
2026-01-12,Electronics,67,116,1200
2026-01-13,Electronics,73,152,1200
2026-01-14,Electronics,63,143,1200
2026-01-15,Electronics,59,80,1200
2026-01-16,Electronics,66,78,1200
2026-01-17,Electronics,60,71,1200
2026-01-18,Electronics,58,67,1200
2026-01-19,Electronics,62,126,1200
2026-01-20,Electronics,63,158,1200
2026-01-21,Electronics,61,90,1200
2026-01-22,Electronics,73,80,1200
2026-01-23,Electronics,76,96,1200
2026-01-24,Electronics,70,91,1200
2026-01-25,Electronics,69,86,1200
2026-01-26,Electronics,66,131,1200
2026-01-27,Electronics,62,109,1200
2026-01-28,Electronics,75,118,1200
2026-01-29,Electronics,67,75,1200
2026-01-30,Electronics,65,131,1200
2026-01-31,Electronics,73,126,1200
2026-02-01,Electronics,67,92,1200
2026-02-02,Electronics,73,157,1200
2026-02-03,Electronics,66,159,1200
2026-02-04,Electronics,73,164,1200
2026-02-05,Electronics,73,172,1200
2026-02-06,Electronics,75,100,1200
2026-02-07,Electronics,65,98,1200
2026-02-08,Electronics,68,75,1200
2026-02-09,Electronics,79,88,1200
2026-02-10,Electronics,68,115,1200
2026-02-11,Electronics,73,127,1200
2026-02-12,Electronics,81,134,1200
2026-02-13,Electronics,60,137,1200
2026-02-14,Electronics,68,107,1200
2026-02-15,Electronics,70,84,1200
2026-02-16,Electronics,61,141,1200
2026-02-17,Electronics,68,85,1200
2026-02-18,Electronics,65,160,1200
2026-02-19,Electronics,75,97,1200
2026-02-20,Electronics,62,123,1200
2026-02-21,Electronics,80,125,1200
2026-02-22,Electronics,74,160,1200
2026-02-23,Electronics,66,164,1200
2026-02-24,Electronics,76,114,1200
2026-02-25,Electronics,74,88,1200
2026-02-26,Electronics,71,123,1200
2026-02-27,Electronics,68,155,1200
2026-02-28,Electronics,74,137,1200
2026-03-01,Electronics,72,134,1200
2026-03-02,Electronics,68,159,1200
2026-03-03,Electronics,65,144,1200
2026-03-04,Electronics,68,83,1200
2026-03-05,Electronics,69,138,1200
2026-03-06,Electronics,78,143,1200
2026-03-07,Electronics,76,88,1200
2026-03-08,Electronics,70,116,1200
2026-03-09,Electronics,70,78,1200
2026-03-10,Electronics,77,139,1200
2026-03-11,Electronics,74,107,1200
2026-03-12,Electronics,74,154,1200
2026-03-13,Electronics,69,159,1200
2026-03-14,Electronics,72,100,1200
2026-03-15,Electronics,73,109,1200
2026-03-16,Electronics,72,114,1200
2026-03-17,Electronics,77,162,1200
2026-03-18,Electronics,77,140,1200
2026-03-19,Electronics,68,91,1200
2026-03-20,Electronics,71,141,1200
2026-03-21,Electronics,70,103,1200
2026-03-22,Electronics,80,127,1200
2026-03-23,Electronics,85,96,1200
2026-03-24,Electronics,71,93,1200
2026-03-25,Electronics,72,150,1200
2026-03-26,Electronics,78,174,1200
2026-03-27,Electronics,70,82,1200
2026-03-28,Electronics,78,164,1200
2026-03-29,Electronics,73,168,1200
2026-03-30,Electronics,65,109,1200
2026-03-31,Electronics,67,165,1200
2026-04-01,Electronics,72,136,1200
2026-04-02,Electronics,80,126,1200
2026-04-03,Electronics,69,126,1200
2026-04-04,Electronics,71,75,1200
2026-04-05,Electronics,75,151,1200
2026-04-06,Electronics,65,69,1200
2026-04-07,Electronics,75,134,1200
2026-04-08,Electronics,66,161,1200
2026-04-09,Electronics,76,96,1200
2026-04-10,Electronics,70,93,1200
2026-04-11,Electronics,69,86,1200
2026-04-12,Electronics,75,95,1200
2026-04-13,Electronics,77,130,1200
2026-04-14,Electronics,75,84,1200
2026-04-15,Electronics,75,98,1200
2026-04-16,Electronics,75,159,1200
2026-04-17,Electronics,75,163,1200
2026-04-18,Electronics,76,135,1200
2026-04-19,Electronics,71,127,1200
2026-04-20,Electronics,77,99,1200
2026-04-21,Electronics,69,90,1200
2026-04-22,Electronics,79,146,1200
2026-04-23,Electronics,77,110,1200
2026-04-24,Electronics,84,153,1200
2026-04-25,Electronics,76,103,1200
2026-04-26,Electronics,78,172,1200
2026-04-27,Electronics,65,163,1200
2026-04-28,Electronics,78,116,1200
2026-04-29,Electronics,79,120,1200
2026-04-30,Electronics,80,102,1200
2026-05-01,Electronics,73,142,1200
2026-05-02,Electronics,71,150,1200
2026-05-03,Electronics,67,68,1200
2026-05-04,Electronics,68,91,1200
2026-05-05,Electronics,72,88,1200
2026-05-06,Electronics,64,128,1200
2026-05-07,Electronics,68,137,1200
2026-05-08,Electronics,73,141,1200
2026-05-09,Electronics,72,131,1200
2026-05-10,Electronics,67,116,1200
2026-05-11,Electronics,66,158,1200
2026-05-12,Electronics,66,77,1200
2026-05-13,Electronics,71,117,1200
2026-05-14,Electronics,82,148,1200
2026-05-15,Electronics,77,141,1200
2026-05-16,Electronics,73,99,1200
2026-05-17,Electronics,74,121,1200
2026-05-18,Electronics,76,163,1200
2026-05-19,Electronics,75,136,1200
2026-05-20,Electronics,69,112,1200
2026-05-21,Electronics,67,85,1200
2026-05-22,Electronics,70,128,1200
2026-05-23,Electronics,76,83,1200
2026-05-24,Electronics,69,123,1200
2026-05-25,Electronics,65,111,1200
2026-05-26,Electronics,62,63,1200
2026-05-27,Electronics,70,163,1200
2026-05-28,Electronics,65,158,1200
2026-05-29,Electronics,68,106,1200
2026-05-30,Electronics,77,121,1200
2026-05-31,Electronics,69,100,1200
2026-06-01,Electronics,66,130,1200
2026-06-02,Electronics,71,108,1200
2026-06-03,Electronics,79,155,1200
2026-06-04,Electronics,69,79,1200
2026-06-05,Electronics,57,66,1200
2026-06-06,Electronics,72,130,1200
2026-06-07,Electronics,70,159,1200
2026-06-08,Electronics,69,123,1200
2026-06-09,Electronics,67,86,1200
2026-06-10,Electronics,64,144,1200
2026-06-11,Electronics,76,92,1200
2026-06-12,Electronics,59,126,1200
2026-06-13,Electronics,66,70,1200
2026-06-14,Electronics,66,125,1200
2026-06-15,Electronics,72,94,1200
2026-06-16,Electronics,74,119,1200
2026-06-17,Electronics,66,117,1200
2026-06-18,Electronics,68,77,1200
2026-06-19,Electronics,68,113,1200
2026-06-20,Electronics,72,99,1200
2026-06-21,Electronics,72,168,1200
2026-06-22,Electronics,64,106,1200
2026-06-23,Electronics,69,94,1200
2026-06-24,Electronics,68,122,1200
2026-06-25,Electronics,65,112,1200
2026-06-26,Electronics,68,96,1200
2026-06-27,Electronics,66,92,1200
2026-06-28,Electronics,66,83,1200
2026-06-29,Electronics,59,118,1200
2026-06-30,Electronics,61,134,1200
2024-01-01,Clothing,39,87,450
2024-01-02,Clothing,31,108,450
2024-01-03,Clothing,22,99,450
2024-01-04,Clothing,25,104,450
2024-01-05,Clothing,23,71,450
2024-01-06,Clothing,23,82,450
2024-01-07,Clothing,41,130,450
2024-01-08,Clothing,42,131,450
2024-01-09,Clothing,26,90,450
2024-01-10,Clothing,32,63,450
2024-01-11,Clothing,26,104,450
2024-01-12,Clothing,32,52,450
2024-01-13,Clothing,41,58,450
2024-01-14,Clothing,38,131,450
2024-01-15,Clothing,37,96,450
2024-01-16,Clothing,32,44,450
2024-01-17,Clothing,39,62,450
2024-01-18,Clothing,37,66,450
2024-01-19,Clothing,36,37,450
2024-01-20,Clothing,33,115,450
2024-01-21,Clothing,35,59,450
2024-01-22,Clothing,35,84,450
2024-01-23,Clothing,32,45,450
2024-01-24,Clothing,31,36,450
2024-01-25,Clothing,30,105,450
2024-01-26,Clothing,30,113,450
2024-01-27,Clothing,34,120,450
2024-01-28,Clothing,33,62,450
2024-01-29,Clothing,32,61,450
2024-01-30,Clothing,32,69,450
2024-01-31,Clothing,37,94,450
2024-02-01,Clothing,43,136,450
2024-02-02,Clothing,36,76,450
2024-02-03,Clothing,36,129,450
2024-02-04,Clothing,32,88,450
2024-02-05,Clothing,35,70,450
2024-02-06,Clothing,42,105,450
2024-02-07,Clothing,42,139,450
2024-02-08,Clothing,42,57,450
2024-02-09,Clothing,42,129,450
2024-02-10,Clothing,39,116,450
2024-02-11,Clothing,39,128,450
2024-02-12,Clothing,39,110,450
2024-02-13,Clothing,35,48,450
2024-02-14,Clothing,38,68,450
2024-02-15,Clothing,39,104,450
2024-02-16,Clothing,41,108,450
2024-02-17,Clothing,39,103,450
2024-02-18,Clothing,49,103,450
2024-02-19,Clothing,32,115,450
2024-02-20,Clothing,42,119,450
2024-02-21,Clothing,38,77,450
2024-02-22,Clothing,39,63,450
2024-02-23,Clothing,35,59,450
2024-02-24,Clothing,44,46,450
2024-02-25,Clothing,42,110,450
2024-02-26,Clothing,43,68,450
2024-02-27,Clothing,40,79,450
2024-02-28,Clothing,38,75,450
2024-02-29,Clothing,39,76,450
2024-03-01,Clothing,42,109,450
2024-03-02,Clothing,30,36,450
2024-03-03,Clothing,44,137,450
2024-03-04,Clothing,52,81,450
2024-03-05,Clothing,42,60,450
2024-03-06,Clothing,39,73,450
2024-03-07,Clothing,39,71,450
2024-03-08,Clothing,44,76,450
2024-03-09,Clothing,39,116,450
2024-03-10,Clothing,45,82,450
2024-03-11,Clothing,40,49,450
2024-03-12,Clothing,49,105,450
2024-03-13,Clothing,49,76,450
2024-03-14,Clothing,39,116,450
2024-03-15,Clothing,40,139,450
2024-03-16,Clothing,41,78,450
2024-03-17,Clothing,41,56,450
2024-03-18,Clothing,36,56,450
2024-03-19,Clothing,36,127,450
2024-03-20,Clothing,47,143,450
2024-03-21,Clothing,47,52,450
2024-03-22,Clothing,47,87,450
2024-03-23,Clothing,41,55,450
2024-03-24,Clothing,51,53,450
2024-03-25,Clothing,41,83,450
2024-03-26,Clothing,46,92,450
2024-03-27,Clothing,34,132,450
2024-03-28,Clothing,40,53,450
2024-03-29,Clothing,41,106,450
2024-03-30,Clothing,41,69,450
2024-03-31,Clothing,35,38,450
2024-04-01,Clothing,45,70,450
2024-04-02,Clothing,47,58,450
2024-04-03,Clothing,38,39,450
2024-04-04,Clothing,36,52,450
2024-04-05,Clothing,38,72,450
2024-04-06,Clothing,44,53,450
2024-04-07,Clothing,39,124,450
2024-04-08,Clothing,41,83,450
2024-04-09,Clothing,36,56,450
2024-04-10,Clothing,51,65,450
2024-04-11,Clothing,42,76,450
2024-04-12,Clothing,47,131,450
2024-04-13,Clothing,44,128,450
2024-04-14,Clothing,41,125,450
2024-04-15,Clothing,41,100,450
2024-04-16,Clothing,38,81,450
2024-04-17,Clothing,39,134,450
2024-04-18,Clothing,36,40,450
2024-04-19,Clothing,36,108,450
2024-04-20,Clothing,52,69,450
2024-04-21,Clothing,43,63,450
2024-04-22,Clothing,48,119,450
2024-04-23,Clothing,37,134,450
2024-04-24,Clothing,35,108,450
2024-04-25,Clothing,36,86,450
2024-04-26,Clothing,39,79,450
2024-04-27,Clothing,41,64,450
2024-04-28,Clothing,40,63,450
2024-04-29,Clothing,37,132,450
2024-04-30,Clothing,41,137,450
2024-05-01,Clothing,42,79,450
2024-05-02,Clothing,44,87,450
2024-05-03,Clothing,48,104,450
2024-05-04,Clothing,39,97,450
2024-05-05,Clothing,46,79,450
2024-05-06,Clothing,41,115,450
2024-05-07,Clothing,33,127,450
2024-05-08,Clothing,49,130,450
2024-05-09,Clothing,51,73,450
2024-05-10,Clothing,43,128,450
2024-05-11,Clothing,40,82,450
2024-05-12,Clothing,38,119,450
2024-05-13,Clothing,37,76,450
2024-05-14,Clothing,46,92,450
2024-05-15,Clothing,39,79,450
2024-05-16,Clothing,48,94,450
2024-05-17,Clothing,39,58,450
2024-05-18,Clothing,37,113,450
2024-05-19,Clothing,36,100,450
2024-05-20,Clothing,35,102,450
2024-05-21,Clothing,41,64,450
2024-05-22,Clothing,32,131,450
2024-05-23,Clothing,34,69,450
2024-05-24,Clothing,45,89,450
2024-05-25,Clothing,34,35,450
2024-05-26,Clothing,42,69,450
2024-05-27,Clothing,28,53,450
2024-05-28,Clothing,45,67,450
2024-05-29,Clothing,31,109,450
2024-05-30,Clothing,33,68,450
2024-05-31,Clothing,41,131,450
2024-06-01,Clothing,39,44,450
2024-06-02,Clothing,42,76,450
2024-06-03,Clothing,31,68,450
2024-06-04,Clothing,36,70,450
2024-06-05,Clothing,34,133,450
2024-06-06,Clothing,31,104,450
2024-06-07,Clothing,40,133,450
2024-06-08,Clothing,41,93,450
2024-06-09,Clothing,35,72,450
2024-06-10,Clothing,44,136,450
2024-06-11,Clothing,32,90,450
2024-06-12,Clothing,43,85,450
2024-06-13,Clothing,38,41,450
2024-06-14,Clothing,29,33,450
2024-06-15,Clothing,45,112,450
2024-06-16,Clothing,33,132,450
2024-06-17,Clothing,41,85,450
2024-06-18,Clothing,36,115,450
2024-06-19,Clothing,37,61,450
2024-06-20,Clothing,39,116,450
2024-06-21,Clothing,39,49,450
2024-06-22,Clothing,33,61,450
2024-06-23,Clothing,37,70,450
2024-06-24,Clothing,36,121,450
2024-06-25,Clothing,35,48,450
2024-06-26,Clothing,33,56,450
2024-06-27,Clothing,35,93,450
2024-06-28,Clothing,43,81,450
2024-06-29,Clothing,32,57,450
2024-06-30,Clothing,39,81,450
2024-07-01,Clothing,30,65,450
2024-07-02,Clothing,28,66,450
2024-07-03,Clothing,49,109,450
2024-07-04,Clothing,35,50,450
2024-07-05,Clothing,35,93,450
2024-07-06,Clothing,35,130,450
2024-07-07,Clothing,39,44,450
2024-07-08,Clothing,34,131,450
2024-07-09,Clothing,36,91,450
2024-07-10,Clothing,26,33,450
2024-07-11,Clothing,36,129,450
2024-07-12,Clothing,30,56,450
2024-07-13,Clothing,34,104,450
2024-07-14,Clothing,22,48,450
2024-07-15,Clothing,34,122,450
2024-07-16,Clothing,19,64,450
2024-07-17,Clothing,29,69,450
2024-07-18,Clothing,22,100,450
2024-07-19,Clothing,33,57,450
2024-07-20,Clothing,30,115,450
2024-07-21,Clothing,26,43,450
2024-07-22,Clothing,37,48,450
2024-07-23,Clothing,25,111,450
2024-07-24,Clothing,14,64,450
2024-07-25,Clothing,32,70,450
2024-07-26,Clothing,20,108,450
2024-07-27,Clothing,25,34,450
2024-07-28,Clothing,26,119,450
2024-07-29,Clothing,22,95,450
2024-07-30,Clothing,26,123,450
2024-07-31,Clothing,21,97,450
2024-08-01,Clothing,29,82,450
2024-08-02,Clothing,22,50,450
2024-08-03,Clothing,28,68,450
2024-08-04,Clothing,34,42,450
2024-08-05,Clothing,32,94,450
2024-08-06,Clothing,27,103,450
2024-08-07,Clothing,23,59,450
2024-08-08,Clothing,28,41,450
2024-08-09,Clothing,24,96,450
2024-08-10,Clothing,28,99,450
2024-08-11,Clothing,19,57,450
2024-08-12,Clothing,31,70,450
2024-08-13,Clothing,27,80,450
2024-08-14,Clothing,38,40,450
2024-08-15,Clothing,33,87,450
2024-08-16,Clothing,29,61,450
2024-08-17,Clothing,26,121,450
2024-08-18,Clothing,23,93,450
2024-08-19,Clothing,31,49,450
2024-08-20,Clothing,25,58,450
2024-08-21,Clothing,32,109,450
2024-08-22,Clothing,28,77,450
2024-08-23,Clothing,28,74,450
2024-08-24,Clothing,29,74,450
2024-08-25,Clothing,21,76,450
2024-08-26,Clothing,21,77,450
2024-08-27,Clothing,20,102,450
2024-08-28,Clothing,31,81,450
2024-08-29,Clothing,21,74,450
2024-08-30,Clothing,21,110,450
2024-08-31,Clothing,28,108,450
2024-09-01,Clothing,24,51,450
2024-09-02,Clothing,23,41,450
2024-09-03,Clothing,23,49,450
2024-09-04,Clothing,13,60,450
2024-09-05,Clothing,20,38,450
2024-09-06,Clothing,31,127,450
2024-09-07,Clothing,22,72,450
2024-09-08,Clothing,15,21,450
2024-09-09,Clothing,20,48,450
2024-09-10,Clothing,27,69,450
2024-09-11,Clothing,26,94,450
2024-09-12,Clothing,23,116,450
2024-09-13,Clothing,21,78,450
2024-09-14,Clothing,18,25,450
2024-09-15,Clothing,26,67,450
2024-09-16,Clothing,29,104,450
2024-09-17,Clothing,31,72,450
2024-09-18,Clothing,19,31,450
2024-09-19,Clothing,31,56,450
2024-09-20,Clothing,24,41,450
2024-09-21,Clothing,25,66,450
2024-09-22,Clothing,29,79,450
2024-09-23,Clothing,22,105,450
2024-09-24,Clothing,14,29,450
2024-09-25,Clothing,28,30,450
2024-09-26,Clothing,26,116,450
2024-09-27,Clothing,23,101,450
2024-09-28,Clothing,28,125,450
2024-09-29,Clothing,29,73,450
2024-09-30,Clothing,17,38,450
2024-10-01,Clothing,25,47,450
2024-10-02,Clothing,13,71,450
2024-10-03,Clothing,24,85,450
2024-10-04,Clothing,23,90,450
2024-10-05,Clothing,27,80,450
2024-10-06,Clothing,19,75,450
2024-10-07,Clothing,23,45,450
2024-10-08,Clothing,9,68,450
2024-10-09,Clothing,28,100,450
2024-10-10,Clothing,24,111,450
2024-10-11,Clothing,25,109,450
2024-10-12,Clothing,17,71,450
2024-10-13,Clothing,27,106,450
2024-10-14,Clothing,33,95,450
2024-10-15,Clothing,24,79,450
2024-10-16,Clothing,28,82,450
2024-10-17,Clothing,21,45,450
2024-10-18,Clothing,25,50,450
2024-10-19,Clothing,18,66,450
2024-10-20,Clothing,29,91,450
2024-10-21,Clothing,26,70,450
2024-10-22,Clothing,19,91,450
2024-10-23,Clothing,22,100,450
2024-10-24,Clothing,26,64,450
2024-10-25,Clothing,30,126,450
2024-10-26,Clothing,33,97,450
2024-10-27,Clothing,25,93,450
2024-10-28,Clothing,19,74,450
2024-10-29,Clothing,27,35,450
2024-10-30,Clothing,35,104,450
2024-10-31,Clothing,18,45,450
2024-11-01,Clothing,22,66,450
2024-11-02,Clothing,30,55,450
2024-11-03,Clothing,27,54,450
2024-11-04,Clothing,24,63,450
2024-11-05,Clothing,28,42,450
2024-11-06,Clothing,32,37,450
2024-11-07,Clothing,27,53,450
2024-11-08,Clothing,26,63,450
2024-11-09,Clothing,30,97,450
2024-11-10,Clothing,26,100,450
2024-11-11,Clothing,33,117,450
2024-11-12,Clothing,38,101,450
2024-11-13,Clothing,23,52,450
2024-11-14,Clothing,22,103,450
2024-11-15,Clothing,30,128,450
2024-11-16,Clothing,22,24,450
2024-11-17,Clothing,22,83,450
2024-11-18,Clothing,18,29,450
2024-11-19,Clothing,27,117,450
2024-11-20,Clothing,29,58,450
2024-11-21,Clothing,27,111,450
2024-11-22,Clothing,36,73,450
2024-11-23,Clothing,36,120,450
2024-11-24,Clothing,39,98,450
2024-11-25,Clothing,30,67,450
2024-11-26,Clothing,36,50,450
2024-11-27,Clothing,32,49,450
2024-11-28,Clothing,31,82,450
2024-11-29,Clothing,28,56,450
2024-11-30,Clothing,19,78,450
2024-12-01,Clothing,34,54,450
2024-12-02,Clothing,37,53,450
2024-12-03,Clothing,23,40,450
2024-12-04,Clothing,31,87,450
2024-12-05,Clothing,36,72,450
2024-12-06,Clothing,30,89,450
2024-12-07,Clothing,38,75,450
2024-12-08,Clothing,31,42,450
2024-12-09,Clothing,29,103,450
2024-12-10,Clothing,39,122,450
2024-12-11,Clothing,28,100,450
2024-12-12,Clothing,29,29,450
2024-12-13,Clothing,28,85,450
2024-12-14,Clothing,27,29,450
2024-12-15,Clothing,34,96,450
2024-12-16,Clothing,31,51,450
2024-12-17,Clothing,36,58,450
2024-12-18,Clothing,25,33,450
2024-12-19,Clothing,28,110,450
2024-12-20,Clothing,34,88,450
2024-12-21,Clothing,42,60,450
2024-12-22,Clothing,36,97,450
2024-12-23,Clothing,32,118,450
2024-12-24,Clothing,27,117,450
2024-12-25,Clothing,32,122,450
2024-12-26,Clothing,35,73,450
2024-12-27,Clothing,24,123,450
2024-12-28,Clothing,30,105,450
2024-12-29,Clothing,32,58,450
2024-12-30,Clothing,35,80,450
2024-12-31,Clothing,36,69,450
2025-01-01,Clothing,33,65,450
2025-01-02,Clothing,39,130,450
2025-01-03,Clothing,37,131,450
2025-01-04,Clothing,35,130,450
2025-01-05,Clothing,40,89,450
2025-01-06,Clothing,40,59,450
2025-01-07,Clothing,30,69,450
2025-01-08,Clothing,37,135,450
2025-01-09,Clothing,42,136,450
2025-01-10,Clothing,43,100,450
2025-01-11,Clothing,40,70,450
2025-01-12,Clothing,37,74,450
2025-01-13,Clothing,41,126,450
2025-01-14,Clothing,43,87,450
2025-01-15,Clothing,39,79,450
2025-01-16,Clothing,40,48,450
2025-01-17,Clothing,38,46,450
2025-01-18,Clothing,33,95,450
2025-01-19,Clothing,39,117,450
2025-01-20,Clothing,36,112,450
2025-01-21,Clothing,37,58,450
2025-01-22,Clothing,47,62,450
2025-01-23,Clothing,45,76,450
2025-01-24,Clothing,32,97,450
2025-01-25,Clothing,35,124,450
2025-01-26,Clothing,39,52,450
2025-01-27,Clothing,38,75,450
2025-01-28,Clothing,43,140,450
2025-01-29,Clothing,35,42,450
2025-01-30,Clothing,46,145,450
2025-01-31,Clothing,41,61,450
2025-02-01,Clothing,40,95,450
2025-02-02,Clothing,42,87,450
2025-02-03,Clothing,40,82,450
2025-02-04,Clothing,32,123,450
2025-02-05,Clothing,42,87,450
2025-02-06,Clothing,41,88,450
2025-02-07,Clothing,38,107,450
2025-02-08,Clothing,48,131,450
2025-02-09,Clothing,46,76,450
2025-02-10,Clothing,55,87,450
2025-02-11,Clothing,47,90,450
2025-02-12,Clothing,40,110,450
2025-02-13,Clothing,39,46,450
2025-02-14,Clothing,41,113,450
2025-02-15,Clothing,41,42,450
2025-02-16,Clothing,45,61,450
2025-02-17,Clothing,36,87,450
2025-02-18,Clothing,48,92,450
2025-02-19,Clothing,45,81,450
2025-02-20,Clothing,47,88,450
2025-02-21,Clothing,39,82,450
2025-02-22,Clothing,46,126,450
2025-02-23,Clothing,51,88,450
2025-02-24,Clothing,41,139,450
2025-02-25,Clothing,41,134,450
2025-02-26,Clothing,49,54,450
2025-02-27,Clothing,41,108,450
2025-02-28,Clothing,44,94,450
2025-03-01,Clothing,53,87,450
2025-03-02,Clothing,41,98,450
2025-03-03,Clothing,54,110,450
2025-03-04,Clothing,44,116,450
2025-03-05,Clothing,40,45,450
2025-03-06,Clothing,49,61,450
2025-03-07,Clothing,47,105,450
2025-03-08,Clothing,46,131,450
2025-03-09,Clothing,42,133,450
2025-03-10,Clothing,47,76,450
2025-03-11,Clothing,36,135,450
2025-03-12,Clothing,48,49,450
2025-03-13,Clothing,53,110,450
2025-03-14,Clothing,38,73,450
2025-03-15,Clothing,45,116,450
2025-03-16,Clothing,42,86,450
2025-03-17,Clothing,39,47,450
2025-03-18,Clothing,37,101,450
2025-03-19,Clothing,41,117,450
2025-03-20,Clothing,46,95,450
2025-03-21,Clothing,53,131,450
2025-03-22,Clothing,40,71,450
2025-03-23,Clothing,49,146,450
2025-03-24,Clothing,48,90,450
2025-03-25,Clothing,56,150,450
2025-03-26,Clothing,50,127,450
2025-03-27,Clothing,51,104,450
2025-03-28,Clothing,51,97,450
2025-03-29,Clothing,43,56,450
2025-03-30,Clothing,45,92,450
2025-03-31,Clothing,53,107,450
2025-04-01,Clothing,37,65,450
2025-04-02,Clothing,44,90,450
2025-04-03,Clothing,41,103,450
2025-04-04,Clothing,49,67,450
2025-04-05,Clothing,45,135,450
2025-04-06,Clothing,51,59,450
2025-04-07,Clothing,47,83,450
2025-04-08,Clothing,40,131,450
2025-04-09,Clothing,40,91,450
2025-04-10,Clothing,48,104,450
2025-04-11,Clothing,44,131,450
2025-04-12,Clothing,45,72,450
2025-04-13,Clothing,52,87,450
2025-04-14,Clothing,51,114,450
2025-04-15,Clothing,56,73,450
2025-04-16,Clothing,46,134,450
2025-04-17,Clothing,44,78,450
2025-04-18,Clothing,49,116,450
2025-04-19,Clothing,45,122,450
2025-04-20,Clothing,45,83,450
2025-04-21,Clothing,46,135,450
2025-04-22,Clothing,55,62,450
2025-04-23,Clothing,51,138,450
2025-04-24,Clothing,51,130,450
2025-04-25,Clothing,55,138,450
2025-04-26,Clothing,52,66,450
2025-04-27,Clothing,41,47,450
2025-04-28,Clothing,51,67,450
2025-04-29,Clothing,52,137,450
2025-04-30,Clothing,50,135,450
2025-05-01,Clothing,46,109,450
2025-05-02,Clothing,49,60,450
2025-05-03,Clothing,46,127,450
2025-05-04,Clothing,42,97,450
2025-05-05,Clothing,43,88,450
2025-05-06,Clothing,50,96,450
2025-05-07,Clothing,42,120,450
2025-05-08,Clothing,42,57,450
2025-05-09,Clothing,50,118,450
2025-05-10,Clothing,47,48,450
2025-05-11,Clothing,49,140,450
2025-05-12,Clothing,40,93,450
2025-05-13,Clothing,48,74,450
2025-05-14,Clothing,42,72,450
2025-05-15,Clothing,40,80,450
2025-05-16,Clothing,43,78,450
2025-05-17,Clothing,52,98,450
2025-05-18,Clothing,43,85,450
2025-05-19,Clothing,56,120,450
2025-05-20,Clothing,35,84,450
2025-05-21,Clothing,37,129,450
2025-05-22,Clothing,51,51,450
2025-05-23,Clothing,53,124,450
2025-05-24,Clothing,40,96,450
2025-05-25,Clothing,45,60,450
2025-05-26,Clothing,48,75,450
2025-05-27,Clothing,43,128,450
2025-05-28,Clothing,45,126,450
2025-05-29,Clothing,44,65,450
2025-05-30,Clothing,36,76,450
2025-05-31,Clothing,42,117,450
2025-06-01,Clothing,44,62,450
2025-06-02,Clothing,44,132,450
2025-06-03,Clothing,35,84,450
2025-06-04,Clothing,47,105,450
2025-06-05,Clothing,44,112,450
2025-06-06,Clothing,38,71,450
2025-06-07,Clothing,52,90,450
2025-06-08,Clothing,41,114,450
2025-06-09,Clothing,41,47,450
2025-06-10,Clothing,46,97,450
2025-06-11,Clothing,52,111,450
2025-06-12,Clothing,45,96,450
2025-06-13,Clothing,46,124,450
2025-06-14,Clothing,37,60,450
2025-06-15,Clothing,42,67,450
2025-06-16,Clothing,39,128,450
2025-06-17,Clothing,45,134,450
2025-06-18,Clothing,45,54,450
2025-06-19,Clothing,49,65,450
2025-06-20,Clothing,30,107,450
2025-06-21,Clothing,38,39,450
2025-06-22,Clothing,47,123,450
2025-06-23,Clothing,33,59,450
2025-06-24,Clothing,44,116,450
2025-06-25,Clothing,46,116,450
2025-06-26,Clothing,40,87,450
2025-06-27,Clothing,33,106,450
2025-06-28,Clothing,39,47,450
2025-06-29,Clothing,47,132,450
2025-06-30,Clothing,47,69,450
2025-07-01,Clothing,40,110,450
2025-07-02,Clothing,34,106,450
2025-07-03,Clothing,47,73,450
2025-07-04,Clothing,43,130,450
2025-07-05,Clothing,34,126,450
2025-07-06,Clothing,40,120,450
2025-07-07,Clothing,40,123,450
2025-07-08,Clothing,35,105,450
2025-07-09,Clothing,40,82,450
2025-07-10,Clothing,43,49,450
2025-07-11,Clothing,36,127,450
2025-07-12,Clothing,43,125,450
2025-07-13,Clothing,28,90,450
2025-07-14,Clothing,48,131,450
2025-07-15,Clothing,37,80,450
2025-07-16,Clothing,42,80,450
2025-07-17,Clothing,38,77,450
2025-07-18,Clothing,32,38,450
2025-07-19,Clothing,36,105,450
2025-07-20,Clothing,27,51,450
2025-07-21,Clothing,40,98,450
2025-07-22,Clothing,37,49,450
2025-07-23,Clothing,35,120,450
2025-07-24,Clothing,39,119,450
2025-07-25,Clothing,36,121,450
2025-07-26,Clothing,38,135,450
2025-07-27,Clothing,40,101,450
2025-07-28,Clothing,32,39,450
2025-07-29,Clothing,31,75,450
2025-07-30,Clothing,26,43,450
2025-07-31,Clothing,35,122,450
2025-08-01,Clothing,37,96,450
2025-08-02,Clothing,28,87,450
2025-08-03,Clothing,41,42,450
2025-08-04,Clothing,30,95,450
2025-08-05,Clothing,23,113,450
2025-08-06,Clothing,41,54,450
2025-08-07,Clothing,24,71,450
2025-08-08,Clothing,38,93,450
2025-08-09,Clothing,37,48,450
2025-08-10,Clothing,35,130,450
2025-08-11,Clothing,31,122,450
2025-08-12,Clothing,36,90,450
2025-08-13,Clothing,38,65,450
2025-08-14,Clothing,28,116,450
2025-08-15,Clothing,38,41,450
2025-08-16,Clothing,37,126,450
2025-08-17,Clothing,34,69,450
2025-08-18,Clothing,30,79,450
2025-08-19,Clothing,37,39,450
2025-08-20,Clothing,35,35,450
2025-08-21,Clothing,27,43,450
2025-08-22,Clothing,30,100,450
2025-08-23,Clothing,36,97,450
2025-08-24,Clothing,33,80,450
2025-08-25,Clothing,37,98,450
2025-08-26,Clothing,30,98,450
2025-08-27,Clothing,27,45,450
2025-08-28,Clothing,43,76,450
2025-08-29,Clothing,23,121,450
2025-08-30,Clothing,29,77,450
2025-08-31,Clothing,33,112,450
2025-09-01,Clothing,36,82,450
2025-09-02,Clothing,34,124,450
2025-09-03,Clothing,43,92,450
2025-09-04,Clothing,31,119,450
2025-09-05,Clothing,27,52,450
2025-09-06,Clothing,30,85,450
2025-09-07,Clothing,29,106,450
2025-09-08,Clothing,31,44,450
2025-09-09,Clothing,26,103,450
2025-09-10,Clothing,35,59,450
2025-09-11,Clothing,33,132,450
2025-09-12,Clothing,24,27,450
2025-09-13,Clothing,36,114,450
2025-09-14,Clothing,27,58,450
2025-09-15,Clothing,25,106,450
2025-09-16,Clothing,31,108,450
2025-09-17,Clothing,22,86,450
2025-09-18,Clothing,34,94,450
2025-09-19,Clothing,16,35,450
2025-09-20,Clothing,25,98,450
2025-09-21,Clothing,38,47,450
2025-09-22,Clothing,27,114,450
2025-09-23,Clothing,28,61,450
2025-09-24,Clothing,37,97,450
2025-09-25,Clothing,27,118,450
2025-09-26,Clothing,34,60,450
2025-09-27,Clothing,36,75,450
2025-09-28,Clothing,33,97,450
2025-09-29,Clothing,23,55,450
2025-09-30,Clothing,27,94,450
2025-10-01,Clothing,44,114,450
2025-10-02,Clothing,28,36,450
2025-10-03,Clothing,45,60,450
2025-10-04,Clothing,39,43,450
2025-10-05,Clothing,33,130,450
2025-10-06,Clothing,32,54,450
2025-10-07,Clothing,28,70,450
2025-10-08,Clothing,30,118,450
2025-10-09,Clothing,27,83,450
2025-10-10,Clothing,30,80,450
2025-10-11,Clothing,24,36,450
2025-10-12,Clothing,24,47,450
2025-10-13,Clothing,37,47,450
2025-10-14,Clothing,23,74,450
2025-10-15,Clothing,35,51,450
2025-10-16,Clothing,22,58,450
2025-10-17,Clothing,34,46,450
2025-10-18,Clothing,30,91,450
2025-10-19,Clothing,38,128,450
2025-10-20,Clothing,30,113,450
2025-10-21,Clothing,21,117,450
2025-10-22,Clothing,31,126,450
2025-10-23,Clothing,32,39,450
2025-10-24,Clothing,31,86,450
2025-10-25,Clothing,35,127,450
2025-10-26,Clothing,29,111,450
2025-10-27,Clothing,26,95,450
2025-10-28,Clothing,27,70,450
2025-10-29,Clothing,30,89,450
2025-10-30,Clothing,30,70,450
2025-10-31,Clothing,44,64,450
2025-11-01,Clothing,39,124,450
2025-11-02,Clothing,36,77,450
2025-11-03,Clothing,35,108,450
2025-11-04,Clothing,34,107,450
2025-11-05,Clothing,34,62,450
2025-11-06,Clothing,34,113,450
2025-11-07,Clothing,33,97,450
2025-11-08,Clothing,23,39,450
2025-11-09,Clothing,31,60,450
2025-11-10,Clothing,32,57,450
2025-11-11,Clothing,30,82,450
2025-11-12,Clothing,31,49,450
2025-11-13,Clothing,35,87,450
2025-11-14,Clothing,38,122,450
2025-11-15,Clothing,36,52,450
2025-11-16,Clothing,38,83,450
2025-11-17,Clothing,38,122,450
2025-11-18,Clothing,33,85,450
2025-11-19,Clothing,37,100,450
2025-11-20,Clothing,26,70,450
2025-11-21,Clothing,33,81,450
2025-11-22,Clothing,33,51,450
2025-11-23,Clothing,43,113,450
2025-11-24,Clothing,37,117,450
2025-11-25,Clothing,29,93,450
2025-11-26,Clothing,39,75,450
2025-11-27,Clothing,40,109,450
2025-11-28,Clothing,36,61,450
2025-11-29,Clothing,40,41,450
2025-11-30,Clothing,24,82,450
2025-12-01,Clothing,23,118,450
2025-12-02,Clothing,31,35,450
2025-12-03,Clothing,38,74,450
2025-12-04,Clothing,45,75,450
2025-12-05,Clothing,32,107,450
2025-12-06,Clothing,33,131,450
2025-12-07,Clothing,38,131,450
2025-12-08,Clothing,35,82,450
2025-12-09,Clothing,35,40,450
2025-12-10,Clothing,36,50,450
2025-12-11,Clothing,45,59,450
2025-12-12,Clothing,44,104,450
2025-12-13,Clothing,39,54,450
2025-12-14,Clothing,47,66,450
2025-12-15,Clothing,42,118,450
2025-12-16,Clothing,45,88,450
2025-12-17,Clothing,35,76,450
2025-12-18,Clothing,36,81,450
2025-12-19,Clothing,36,130,450
2025-12-20,Clothing,39,72,450
2025-12-21,Clothing,40,103,450
2025-12-22,Clothing,42,70,450
2025-12-23,Clothing,50,52,450
2025-12-24,Clothing,44,52,450
2025-12-25,Clothing,38,112,450
2025-12-26,Clothing,41,115,450
2025-12-27,Clothing,49,73,450
2025-12-28,Clothing,45,130,450
2025-12-29,Clothing,49,90,450
2025-12-30,Clothing,39,84,450
2025-12-31,Clothing,38,110,450
2026-01-01,Clothing,39,122,450
2026-01-02,Clothing,40,98,450
2026-01-03,Clothing,37,57,450
2026-01-04,Clothing,44,117,450
2026-01-05,Clothing,45,66,450
2026-01-06,Clothing,50,78,450
2026-01-07,Clothing,35,97,450
2026-01-08,Clothing,39,111,450
2026-01-09,Clothing,48,108,450
2026-01-10,Clothing,45,108,450
2026-01-11,Clothing,44,112,450
2026-01-12,Clothing,51,90,450
2026-01-13,Clothing,39,113,450
2026-01-14,Clothing,41,41,450
2026-01-15,Clothing,41,105,450
2026-01-16,Clothing,35,96,450
2026-01-17,Clothing,46,99,450
2026-01-18,Clothing,43,102,450
2026-01-19,Clothing,42,87,450
2026-01-20,Clothing,41,45,450
2026-01-21,Clothing,46,67,450
2026-01-22,Clothing,42,131,450
2026-01-23,Clothing,47,99,450
2026-01-24,Clothing,49,118,450
2026-01-25,Clothing,45,76,450
2026-01-26,Clothing,45,55,450
2026-01-27,Clothing,48,57,450
2026-01-28,Clothing,47,85,450
2026-01-29,Clothing,54,151,450
2026-01-30,Clothing,49,79,450
2026-01-31,Clothing,53,64,450
2026-02-01,Clothing,51,130,450
2026-02-02,Clothing,41,78,450
2026-02-03,Clothing,45,111,450
2026-02-04,Clothing,48,113,450
2026-02-05,Clothing,53,104,450
2026-02-06,Clothing,58,62,450
2026-02-07,Clothing,46,56,450
2026-02-08,Clothing,49,73,450
2026-02-09,Clothing,53,87,450
2026-02-10,Clothing,49,83,450
2026-02-11,Clothing,58,79,450
2026-02-12,Clothing,43,79,450
2026-02-13,Clothing,53,138,450
2026-02-14,Clothing,53,107,450
2026-02-15,Clothing,56,130,450
2026-02-16,Clothing,50,145,450
2026-02-17,Clothing,55,153,450
2026-02-18,Clothing,49,143,450
2026-02-19,Clothing,46,117,450
2026-02-20,Clothing,46,109,450
2026-02-21,Clothing,43,62,450
2026-02-22,Clothing,49,146,450
2026-02-23,Clothing,52,55,450
2026-02-24,Clothing,50,67,450
2026-02-25,Clothing,52,102,450
2026-02-26,Clothing,57,124,450
2026-02-27,Clothing,49,68,450
2026-02-28,Clothing,63,71,450
2026-03-01,Clothing,55,134,450
2026-03-02,Clothing,51,76,450
2026-03-03,Clothing,51,75,450
2026-03-04,Clothing,47,114,450
2026-03-05,Clothing,52,92,450
2026-03-06,Clothing,41,99,450
2026-03-07,Clothing,58,102,450
2026-03-08,Clothing,38,78,450
2026-03-09,Clothing,53,90,450
2026-03-10,Clothing,47,65,450
2026-03-11,Clothing,49,62,450
2026-03-12,Clothing,50,70,450
2026-03-13,Clothing,62,76,450
2026-03-14,Clothing,47,49,450
2026-03-15,Clothing,57,93,450
2026-03-16,Clothing,59,104,450
2026-03-17,Clothing,41,56,450
2026-03-18,Clothing,50,63,450
2026-03-19,Clothing,60,68,450
2026-03-20,Clothing,47,53,450
2026-03-21,Clothing,59,72,450
2026-03-22,Clothing,53,58,450
2026-03-23,Clothing,53,137,450
2026-03-24,Clothing,54,68,450
2026-03-25,Clothing,55,106,450
2026-03-26,Clothing,49,120,450
2026-03-27,Clothing,52,85,450
2026-03-28,Clothing,55,55,450
2026-03-29,Clothing,54,149,450
2026-03-30,Clothing,55,123,450
2026-03-31,Clothing,50,143,450
2026-04-01,Clothing,57,142,450
2026-04-02,Clothing,54,73,450
2026-04-03,Clothing,46,125,450
2026-04-04,Clothing,51,57,450
2026-04-05,Clothing,49,55,450
2026-04-06,Clothing,49,98,450
2026-04-07,Clothing,51,52,450
2026-04-08,Clothing,57,103,450
2026-04-09,Clothing,50,63,450
2026-04-10,Clothing,55,85,450
2026-04-11,Clothing,54,103,450
2026-04-12,Clothing,50,110,450
2026-04-13,Clothing,52,92,450
2026-04-14,Clothing,58,71,450
2026-04-15,Clothing,54,58,450
2026-04-16,Clothing,56,130,450
2026-04-17,Clothing,60,64,450
2026-04-18,Clothing,56,119,450
2026-04-19,Clothing,44,72,450
2026-04-20,Clothing,55,129,450
2026-04-21,Clothing,50,54,450
2026-04-22,Clothing,62,157,450
2026-04-23,Clothing,55,90,450
2026-04-24,Clothing,50,128,450
2026-04-25,Clothing,56,74,450
2026-04-26,Clothing,53,116,450
2026-04-27,Clothing,44,65,450
2026-04-28,Clothing,57,90,450
2026-04-29,Clothing,51,106,450
2026-04-30,Clothing,60,76,450
2026-05-01,Clothing,52,127,450
2026-05-02,Clothing,60,148,450
2026-05-03,Clothing,55,110,450
2026-05-04,Clothing,57,73,450
2026-05-05,Clothing,50,123,450
2026-05-06,Clothing,54,145,450
2026-05-07,Clothing,44,125,450
2026-05-08,Clothing,52,69,450
2026-05-09,Clothing,45,89,450
2026-05-10,Clothing,46,141,450
2026-05-11,Clothing,47,124,450
2026-05-12,Clothing,55,110,450
2026-05-13,Clothing,51,130,450
2026-05-14,Clothing,52,101,450
2026-05-15,Clothing,51,108,450
2026-05-16,Clothing,57,74,450
2026-05-17,Clothing,51,130,450
2026-05-18,Clothing,52,132,450
2026-05-19,Clothing,48,54,450
2026-05-20,Clothing,57,132,450
2026-05-21,Clothing,57,154,450
2026-05-22,Clothing,51,60,450
2026-05-23,Clothing,48,116,450
2026-05-24,Clothing,42,126,450
2026-05-25,Clothing,46,48,450
2026-05-26,Clothing,39,121,450
2026-05-27,Clothing,46,89,450
2026-05-28,Clothing,52,150,450
2026-05-29,Clothing,50,119,450
2026-05-30,Clothing,61,74,450
2026-05-31,Clothing,48,51,450
2026-06-01,Clothing,47,64,450
2026-06-02,Clothing,55,147,450
2026-06-03,Clothing,40,138,450
2026-06-04,Clothing,42,93,450
2026-06-05,Clothing,52,89,450
2026-06-06,Clothing,48,127,450
2026-06-07,Clothing,48,67,450
2026-06-08,Clothing,44,131,450
2026-06-09,Clothing,50,148,450
2026-06-10,Clothing,44,87,450
2026-06-11,Clothing,49,99,450
2026-06-12,Clothing,42,60,450
2026-06-13,Clothing,47,114,450
2026-06-14,Clothing,58,154,450
2026-06-15,Clothing,45,110,450
2026-06-16,Clothing,47,59,450
2026-06-17,Clothing,46,107,450
2026-06-18,Clothing,48,108,450
2026-06-19,Clothing,49,78,450
2026-06-20,Clothing,48,145,450
2026-06-21,Clothing,48,77,450
2026-06-22,Clothing,46,96,450
2026-06-23,Clothing,47,134,450
2026-06-24,Clothing,45,92,450
2026-06-25,Clothing,37,69,450
2026-06-26,Clothing,59,132,450
2026-06-27,Clothing,49,130,450
2026-06-28,Clothing,41,59,450
2026-06-29,Clothing,47,117,450
2026-06-30,Clothing,39,95,450
2024-01-01,Home Appliances,23,76,850
2024-01-02,Home Appliances,26,106,850
2024-01-03,Home Appliances,28,34,850
2024-01-04,Home Appliances,22,38,850
2024-01-05,Home Appliances,11,60,850
2024-01-06,Home Appliances,21,44,850
2024-01-07,Home Appliances,23,24,850
2024-01-08,Home Appliances,16,114,850
2024-01-09,Home Appliances,20,111,850
2024-01-10,Home Appliances,15,97,850
2024-01-11,Home Appliances,19,51,850
2024-01-12,Home Appliances,27,47,850
2024-01-13,Home Appliances,26,99,850
2024-01-14,Home Appliances,16,68,850
2024-01-15,Home Appliances,19,64,850
2024-01-16,Home Appliances,23,67,850
2024-01-17,Home Appliances,24,32,850
2024-01-18,Home Appliances,20,25,850
2024-01-19,Home Appliances,26,76,850
2024-01-20,Home Appliances,24,58,850
2024-01-21,Home Appliances,11,92,850
2024-01-22,Home Appliances,21,73,850
2024-01-23,Home Appliances,21,39,850
2024-01-24,Home Appliances,28,96,850
2024-01-25,Home Appliances,28,52,850
2024-01-26,Home Appliances,16,26,850
2024-01-27,Home Appliances,27,100,850
2024-01-28,Home Appliances,25,41,850
2024-01-29,Home Appliances,26,61,850
2024-01-30,Home Appliances,22,111,850
2024-01-31,Home Appliances,25,119,850
2024-02-01,Home Appliances,31,126,850
2024-02-02,Home Appliances,26,46,850
2024-02-03,Home Appliances,26,43,850
2024-02-04,Home Appliances,24,83,850
2024-02-05,Home Appliances,32,49,850
2024-02-06,Home Appliances,20,20,850
2024-02-07,Home Appliances,23,36,850
2024-02-08,Home Appliances,20,27,850
2024-02-09,Home Appliances,28,93,850
2024-02-10,Home Appliances,33,83,850
2024-02-11,Home Appliances,26,104,850
2024-02-12,Home Appliances,22,81,850
2024-02-13,Home Appliances,36,69,850
2024-02-14,Home Appliances,30,65,850
2024-02-15,Home Appliances,29,90,850
2024-02-16,Home Appliances,27,27,850
2024-02-17,Home Appliances,31,115,850
2024-02-18,Home Appliances,30,71,850
2024-02-19,Home Appliances,26,26,850
2024-02-20,Home Appliances,27,122,850
2024-02-21,Home Appliances,24,107,850
2024-02-22,Home Appliances,23,76,850
2024-02-23,Home Appliances,27,73,850
2024-02-24,Home Appliances,35,134,850
2024-02-25,Home Appliances,24,62,850
2024-02-26,Home Appliances,33,62,850
2024-02-27,Home Appliances,25,31,850
2024-02-28,Home Appliances,21,42,850
2024-02-29,Home Appliances,32,81,850
2024-03-01,Home Appliances,38,82,850
2024-03-02,Home Appliances,25,98,850
2024-03-03,Home Appliances,22,93,850
2024-03-04,Home Appliances,32,122,850
2024-03-05,Home Appliances,25,34,850
2024-03-06,Home Appliances,33,46,850
2024-03-07,Home Appliances,36,81,850
2024-03-08,Home Appliances,32,106,850
2024-03-09,Home Appliances,34,39,850
2024-03-10,Home Appliances,35,55,850
2024-03-11,Home Appliances,35,96,850
2024-03-12,Home Appliances,31,127,850
2024-03-13,Home Appliances,35,53,850
2024-03-14,Home Appliances,32,119,850
2024-03-15,Home Appliances,33,114,850
2024-03-16,Home Appliances,46,144,850
2024-03-17,Home Appliances,32,93,850
2024-03-18,Home Appliances,24,106,850
2024-03-19,Home Appliances,30,82,850
2024-03-20,Home Appliances,30,53,850
2024-03-21,Home Appliances,30,85,850
2024-03-22,Home Appliances,36,97,850
2024-03-23,Home Appliances,37,70,850
2024-03-24,Home Appliances,31,52,850
2024-03-25,Home Appliances,24,91,850
2024-03-26,Home Appliances,32,88,850
2024-03-27,Home Appliances,29,38,850
2024-03-28,Home Appliances,32,97,850
2024-03-29,Home Appliances,31,38,850
2024-03-30,Home Appliances,38,134,850
2024-03-31,Home Appliances,33,70,850
2024-04-01,Home Appliances,29,90,850
2024-04-02,Home Appliances,25,52,850
2024-04-03,Home Appliances,31,40,850
2024-04-04,Home Appliances,31,75,850
2024-04-05,Home Appliances,30,94,850
2024-04-06,Home Appliances,35,132,850
2024-04-07,Home Appliances,25,91,850
2024-04-08,Home Appliances,28,36,850
2024-04-09,Home Appliances,32,36,850
2024-04-10,Home Appliances,29,38,850
2024-04-11,Home Appliances,30,41,850
2024-04-12,Home Appliances,31,112,850
2024-04-13,Home Appliances,35,92,850
2024-04-14,Home Appliances,31,51,850
2024-04-15,Home Appliances,22,42,850
2024-04-16,Home Appliances,28,92,850
2024-04-17,Home Appliances,34,36,850
2024-04-18,Home Appliances,35,103,850
2024-04-19,Home Appliances,35,123,850
2024-04-20,Home Appliances,37,100,850
2024-04-21,Home Appliances,32,80,850
2024-04-22,Home Appliances,32,103,850
2024-04-23,Home Appliances,26,42,850
2024-04-24,Home Appliances,20,92,850
2024-04-25,Home Appliances,24,55,850
2024-04-26,Home Appliances,27,96,850
2024-04-27,Home Appliances,24,44,850
2024-04-28,Home Appliances,29,35,850
2024-04-29,Home Appliances,28,34,850
2024-04-30,Home Appliances,35,61,850
2024-05-01,Home Appliances,26,33,850
2024-05-02,Home Appliances,31,103,850
2024-05-03,Home Appliances,28,55,850
2024-05-04,Home Appliances,25,103,850
2024-05-05,Home Appliances,27,92,850
2024-05-06,Home Appliances,20,90,850
2024-05-07,Home Appliances,34,80,850
2024-05-08,Home Appliances,37,118,850
2024-05-09,Home Appliances,29,114,850
2024-05-10,Home Appliances,30,39,850
2024-05-11,Home Appliances,28,60,850
2024-05-12,Home Appliances,26,32,850
2024-05-13,Home Appliances,33,35,850
2024-05-14,Home Appliances,31,44,850
2024-05-15,Home Appliances,15,58,850
2024-05-16,Home Appliances,24,69,850
2024-05-17,Home Appliances,19,79,850
2024-05-18,Home Appliances,37,72,850
2024-05-19,Home Appliances,28,40,850
2024-05-20,Home Appliances,30,45,850
2024-05-21,Home Appliances,27,106,850
2024-05-22,Home Appliances,34,38,850
2024-05-23,Home Appliances,33,121,850
2024-05-24,Home Appliances,27,64,850
2024-05-25,Home Appliances,37,86,850
2024-05-26,Home Appliances,29,66,850
2024-05-27,Home Appliances,21,76,850
2024-05-28,Home Appliances,28,90,850
2024-05-29,Home Appliances,30,77,850
2024-05-30,Home Appliances,27,116,850
2024-05-31,Home Appliances,25,83,850
2024-06-01,Home Appliances,36,112,850
2024-06-02,Home Appliances,21,64,850
2024-06-03,Home Appliances,13,102,850
2024-06-04,Home Appliances,35,89,850
2024-06-05,Home Appliances,21,75,850
2024-06-06,Home Appliances,25,25,850
2024-06-07,Home Appliances,25,32,850
2024-06-08,Home Appliances,33,36,850
2024-06-09,Home Appliances,33,117,850
2024-06-10,Home Appliances,20,105,850
2024-06-11,Home Appliances,33,85,850
2024-06-12,Home Appliances,33,90,850
2024-06-13,Home Appliances,26,62,850
2024-06-14,Home Appliances,30,78,850
2024-06-15,Home Appliances,31,97,850
2024-06-16,Home Appliances,24,42,850
2024-06-17,Home Appliances,24,24,850
2024-06-18,Home Appliances,28,56,850
2024-06-19,Home Appliances,17,103,850
2024-06-20,Home Appliances,23,55,850
2024-06-21,Home Appliances,18,69,850
2024-06-22,Home Appliances,31,71,850
2024-06-23,Home Appliances,22,44,850
2024-06-24,Home Appliances,25,29,850
2024-06-25,Home Appliances,23,93,850
2024-06-26,Home Appliances,22,78,850
2024-06-27,Home Appliances,25,30,850
2024-06-28,Home Appliances,20,68,850
2024-06-29,Home Appliances,22,43,850
2024-06-30,Home Appliances,22,98,850
2024-07-01,Home Appliances,21,96,850
2024-07-02,Home Appliances,25,28,850
2024-07-03,Home Appliances,20,91,850
2024-07-04,Home Appliances,31,94,850
2024-07-05,Home Appliances,25,61,850
2024-07-06,Home Appliances,15,45,850
2024-07-07,Home Appliances,25,61,850
2024-07-08,Home Appliances,18,62,850
2024-07-09,Home Appliances,22,111,850
2024-07-10,Home Appliances,18,25,850
2024-07-11,Home Appliances,10,49,850
2024-07-12,Home Appliances,21,117,850
2024-07-13,Home Appliances,14,106,850
2024-07-14,Home Appliances,23,27,850
2024-07-15,Home Appliances,22,49,850
2024-07-16,Home Appliances,18,98,850
2024-07-17,Home Appliances,30,116,850
2024-07-18,Home Appliances,14,22,850
2024-07-19,Home Appliances,17,18,850
2024-07-20,Home Appliances,14,76,850
2024-07-21,Home Appliances,30,125,850
2024-07-22,Home Appliances,27,77,850
2024-07-23,Home Appliances,12,42,850
2024-07-24,Home Appliances,15,21,850
2024-07-25,Home Appliances,15,44,850
2024-07-26,Home Appliances,16,73,850
2024-07-27,Home Appliances,14,16,850
2024-07-28,Home Appliances,16,66,850
2024-07-29,Home Appliances,24,79,850
2024-07-30,Home Appliances,28,100,850
2024-07-31,Home Appliances,11,20,850
2024-08-01,Home Appliances,13,73,850
2024-08-02,Home Appliances,19,68,850
2024-08-03,Home Appliances,10,56,850
2024-08-04,Home Appliances,19,108,850
2024-08-05,Home Appliances,21,21,850
2024-08-06,Home Appliances,21,114,850
2024-08-07,Home Appliances,20,76,850
2024-08-08,Home Appliances,15,52,850
2024-08-09,Home Appliances,16,77,850
2024-08-10,Home Appliances,11,89,850
2024-08-11,Home Appliances,19,107,850
2024-08-12,Home Appliances,25,94,850
2024-08-13,Home Appliances,19,100,850
2024-08-14,Home Appliances,13,77,850
2024-08-15,Home Appliances,22,83,850
2024-08-16,Home Appliances,28,83,850
2024-08-17,Home Appliances,18,84,850
2024-08-18,Home Appliances,19,35,850
2024-08-19,Home Appliances,20,27,850
2024-08-20,Home Appliances,8,67,850
2024-08-21,Home Appliances,14,53,850
2024-08-22,Home Appliances,13,93,850
2024-08-23,Home Appliances,20,108,850
2024-08-24,Home Appliances,19,80,850
2024-08-25,Home Appliances,15,55,850
2024-08-26,Home Appliances,13,24,850
2024-08-27,Home Appliances,7,99,850
2024-08-28,Home Appliances,15,103,850
2024-08-29,Home Appliances,11,110,850
2024-08-30,Home Appliances,10,63,850
2024-08-31,Home Appliances,20,108,850
2024-09-01,Home Appliances,19,111,850
2024-09-02,Home Appliances,13,23,850
2024-09-03,Home Appliances,7,66,850
2024-09-04,Home Appliances,11,78,850
2024-09-05,Home Appliances,20,97,850
2024-09-06,Home Appliances,17,62,850
2024-09-07,Home Appliances,13,50,850
2024-09-08,Home Appliances,15,75,850
2024-09-09,Home Appliances,5,21,850
2024-09-10,Home Appliances,5,70,850
2024-09-11,Home Appliances,25,96,850
2024-09-12,Home Appliances,17,52,850
2024-09-13,Home Appliances,15,88,850
2024-09-14,Home Appliances,13,19,850
2024-09-15,Home Appliances,6,105,850
2024-09-16,Home Appliances,20,35,850
2024-09-17,Home Appliances,9,22,850
2024-09-18,Home Appliances,18,97,850
2024-09-19,Home Appliances,15,39,850
2024-09-20,Home Appliances,14,17,850
2024-09-21,Home Appliances,8,36,850
2024-09-22,Home Appliances,8,63,850
2024-09-23,Home Appliances,16,21,850
2024-09-24,Home Appliances,15,15,850
2024-09-25,Home Appliances,15,53,850
2024-09-26,Home Appliances,16,16,850
2024-09-27,Home Appliances,5,67,850
2024-09-28,Home Appliances,20,76,850
2024-09-29,Home Appliances,13,79,850
2024-09-30,Home Appliances,20,84,850
2024-10-01,Home Appliances,5,69,850
2024-10-02,Home Appliances,17,37,850
2024-10-03,Home Appliances,17,46,850
2024-10-04,Home Appliances,7,102,850
2024-10-05,Home Appliances,11,43,850
2024-10-06,Home Appliances,9,56,850
2024-10-07,Home Appliances,19,40,850
2024-10-08,Home Appliances,16,109,850
2024-10-09,Home Appliances,23,76,850
2024-10-10,Home Appliances,16,19,850
2024-10-11,Home Appliances,19,105,850
2024-10-12,Home Appliances,21,75,850
2024-10-13,Home Appliances,18,61,850
2024-10-14,Home Appliances,13,101,850
2024-10-15,Home Appliances,12,23,850
2024-10-16,Home Appliances,15,95,850
2024-10-17,Home Appliances,19,97,850
2024-10-18,Home Appliances,11,84,850
2024-10-19,Home Appliances,19,117,850
2024-10-20,Home Appliances,17,68,850
2024-10-21,Home Appliances,9,101,850
2024-10-22,Home Appliances,19,94,850
2024-10-23,Home Appliances,16,80,850
2024-10-24,Home Appliances,13,77,850
2024-10-25,Home Appliances,16,25,850
2024-10-26,Home Appliances,13,30,850
2024-10-27,Home Appliances,17,63,850
2024-10-28,Home Appliances,15,80,850
2024-10-29,Home Appliances,9,57,850
2024-10-30,Home Appliances,16,87,850
2024-10-31,Home Appliances,14,35,850
2024-11-01,Home Appliances,20,105,850
2024-11-02,Home Appliances,21,46,850
2024-11-03,Home Appliances,14,103,850
2024-11-04,Home Appliances,13,21,850
2024-11-05,Home Appliances,9,29,850
2024-11-06,Home Appliances,13,107,850
2024-11-07,Home Appliances,16,78,850
2024-11-08,Home Appliances,11,16,850
2024-11-09,Home Appliances,22,35,850
2024-11-10,Home Appliances,19,51,850
2024-11-11,Home Appliances,17,87,850
2024-11-12,Home Appliances,18,41,850
2024-11-13,Home Appliances,19,91,850
2024-11-14,Home Appliances,21,95,850
2024-11-15,Home Appliances,22,108,850
2024-11-16,Home Appliances,17,67,850
2024-11-17,Home Appliances,18,19,850
2024-11-18,Home Appliances,20,34,850
2024-11-19,Home Appliances,18,52,850
2024-11-20,Home Appliances,23,58,850
2024-11-21,Home Appliances,25,116,850
2024-11-22,Home Appliances,21,59,850
2024-11-23,Home Appliances,15,18,850
2024-11-24,Home Appliances,22,85,850
2024-11-25,Home Appliances,22,95,850
2024-11-26,Home Appliances,15,20,850
2024-11-27,Home Appliances,22,78,850
2024-11-28,Home Appliances,17,46,850
2024-11-29,Home Appliances,24,122,850
2024-11-30,Home Appliances,23,96,850
2024-12-01,Home Appliances,22,117,850
2024-12-02,Home Appliances,21,87,850
2024-12-03,Home Appliances,10,99,850
2024-12-04,Home Appliances,15,29,850
2024-12-05,Home Appliances,21,37,850
2024-12-06,Home Appliances,29,119,850
2024-12-07,Home Appliances,25,42,850
2024-12-08,Home Appliances,31,49,850
2024-12-09,Home Appliances,22,97,850
2024-12-10,Home Appliances,22,109,850
2024-12-11,Home Appliances,30,98,850
2024-12-12,Home Appliances,22,45,850
2024-12-13,Home Appliances,18,108,850
2024-12-14,Home Appliances,25,72,850
2024-12-15,Home Appliances,29,58,850
2024-12-16,Home Appliances,19,33,850
2024-12-17,Home Appliances,26,72,850
2024-12-18,Home Appliances,23,66,850
2024-12-19,Home Appliances,26,123,850
2024-12-20,Home Appliances,26,52,850
2024-12-21,Home Appliances,22,105,850
2024-12-22,Home Appliances,24,87,850
2024-12-23,Home Appliances,23,63,850
2024-12-24,Home Appliances,25,120,850
2024-12-25,Home Appliances,21,88,850
2024-12-26,Home Appliances,22,26,850
2024-12-27,Home Appliances,23,75,850
2024-12-28,Home Appliances,28,35,850
2024-12-29,Home Appliances,19,40,850
2024-12-30,Home Appliances,25,31,850
2024-12-31,Home Appliances,23,44,850
2025-01-01,Home Appliances,24,69,850
2025-01-02,Home Appliances,23,52,850
2025-01-03,Home Appliances,28,43,850
2025-01-04,Home Appliances,26,104,850
2025-01-05,Home Appliances,31,35,850
2025-01-06,Home Appliances,29,95,850
2025-01-07,Home Appliances,20,42,850
2025-01-08,Home Appliances,23,83,850
2025-01-09,Home Appliances,27,100,850
2025-01-10,Home Appliances,28,32,850
2025-01-11,Home Appliances,24,46,850
2025-01-12,Home Appliances,35,113,850
2025-01-13,Home Appliances,33,114,850
2025-01-14,Home Appliances,20,44,850
2025-01-15,Home Appliances,31,38,850
2025-01-16,Home Appliances,29,123,850
2025-01-17,Home Appliances,35,55,850
2025-01-18,Home Appliances,22,23,850
2025-01-19,Home Appliances,40,61,850
2025-01-20,Home Appliances,25,96,850
2025-01-21,Home Appliances,32,118,850
2025-01-22,Home Appliances,27,122,850
2025-01-23,Home Appliances,28,99,850
2025-01-24,Home Appliances,22,89,850
2025-01-25,Home Appliances,37,100,850
2025-01-26,Home Appliances,29,122,850
2025-01-27,Home Appliances,30,48,850
2025-01-28,Home Appliances,43,129,850
2025-01-29,Home Appliances,36,117,850
2025-01-30,Home Appliances,28,80,850
2025-01-31,Home Appliances,29,121,850
2025-02-01,Home Appliances,33,119,850
2025-02-02,Home Appliances,36,132,850
2025-02-03,Home Appliances,41,92,850
2025-02-04,Home Appliances,24,70,850
2025-02-05,Home Appliances,36,117,850
2025-02-06,Home Appliances,37,90,850
2025-02-07,Home Appliances,29,72,850
2025-02-08,Home Appliances,31,127,850
2025-02-09,Home Appliances,25,31,850
2025-02-10,Home Appliances,31,122,850
2025-02-11,Home Appliances,34,34,850
2025-02-12,Home Appliances,41,103,850
2025-02-13,Home Appliances,42,139,850
2025-02-14,Home Appliances,29,67,850
2025-02-15,Home Appliances,41,59,850
2025-02-16,Home Appliances,24,54,850
2025-02-17,Home Appliances,31,107,850
2025-02-18,Home Appliances,33,56,850
2025-02-19,Home Appliances,36,104,850
2025-02-20,Home Appliances,35,121,850
2025-02-21,Home Appliances,36,118,850
2025-02-22,Home Appliances,34,98,850
2025-02-23,Home Appliances,40,72,850
2025-02-24,Home Appliances,38,96,850
2025-02-25,Home Appliances,34,66,850
2025-02-26,Home Appliances,39,70,850
2025-02-27,Home Appliances,46,104,850
2025-02-28,Home Appliances,32,123,850
2025-03-01,Home Appliances,44,84,850
2025-03-02,Home Appliances,33,44,850
2025-03-03,Home Appliances,43,115,850
2025-03-04,Home Appliances,33,43,850
2025-03-05,Home Appliances,40,136,850
2025-03-06,Home Appliances,37,55,850
2025-03-07,Home Appliances,27,80,850
2025-03-08,Home Appliances,46,102,850
2025-03-09,Home Appliances,32,73,850
2025-03-10,Home Appliances,30,127,850
2025-03-11,Home Appliances,33,103,850
2025-03-12,Home Appliances,49,79,850
2025-03-13,Home Appliances,30,81,850
2025-03-14,Home Appliances,38,39,850
2025-03-15,Home Appliances,31,113,850
2025-03-16,Home Appliances,32,69,850
2025-03-17,Home Appliances,29,60,850
2025-03-18,Home Appliances,39,48,850
2025-03-19,Home Appliances,36,43,850
2025-03-20,Home Appliances,31,120,850
2025-03-21,Home Appliances,42,135,850
2025-03-22,Home Appliances,42,116,850
2025-03-23,Home Appliances,39,58,850
2025-03-24,Home Appliances,43,62,850
2025-03-25,Home Appliances,36,44,850
2025-03-26,Home Appliances,39,110,850
2025-03-27,Home Appliances,36,50,850
2025-03-28,Home Appliances,30,127,850
2025-03-29,Home Appliances,39,126,850
2025-03-30,Home Appliances,38,134,850
2025-03-31,Home Appliances,37,99,850
2025-04-01,Home Appliances,39,129,850
2025-04-02,Home Appliances,45,65,850
2025-04-03,Home Appliances,37,41,850
2025-04-04,Home Appliances,33,67,850
2025-04-05,Home Appliances,36,120,850
2025-04-06,Home Appliances,37,104,850
2025-04-07,Home Appliances,42,89,850
2025-04-08,Home Appliances,38,117,850
2025-04-09,Home Appliances,32,126,850
2025-04-10,Home Appliances,42,131,850
2025-04-11,Home Appliances,41,102,850
2025-04-12,Home Appliances,38,72,850
2025-04-13,Home Appliances,42,111,850
2025-04-14,Home Appliances,43,139,850
2025-04-15,Home Appliances,36,56,850
2025-04-16,Home Appliances,33,112,850
2025-04-17,Home Appliances,37,75,850
2025-04-18,Home Appliances,40,73,850
2025-04-19,Home Appliances,37,51,850
2025-04-20,Home Appliances,32,37,850
2025-04-21,Home Appliances,38,103,850
2025-04-22,Home Appliances,27,114,850
2025-04-23,Home Appliances,36,91,850
2025-04-24,Home Appliances,41,89,850
2025-04-25,Home Appliances,42,133,850
2025-04-26,Home Appliances,18,18,850
2025-04-27,Home Appliances,36,100,850
2025-04-28,Home Appliances,40,67,850
2025-04-29,Home Appliances,31,130,850
2025-04-30,Home Appliances,35,54,850
2025-05-01,Home Appliances,43,90,850
2025-05-02,Home Appliances,34,105,850
2025-05-03,Home Appliances,45,109,850
2025-05-04,Home Appliances,33,122,850
2025-05-05,Home Appliances,43,93,850
2025-05-06,Home Appliances,37,79,850
2025-05-07,Home Appliances,32,80,850
2025-05-08,Home Appliances,43,67,850
2025-05-09,Home Appliances,30,103,850
2025-05-10,Home Appliances,32,107,850
2025-05-11,Home Appliances,38,78,850
2025-05-12,Home Appliances,36,106,850
2025-05-13,Home Appliances,37,100,850
2025-05-14,Home Appliances,34,94,850
2025-05-15,Home Appliances,30,41,850
2025-05-16,Home Appliances,32,112,850
2025-05-17,Home Appliances,42,110,850
2025-05-18,Home Appliances,29,42,850
2025-05-19,Home Appliances,43,76,850
2025-05-20,Home Appliances,37,84,850
2025-05-21,Home Appliances,32,92,850
2025-05-22,Home Appliances,25,105,850
2025-05-23,Home Appliances,25,59,850
2025-05-24,Home Appliances,33,97,850
2025-05-25,Home Appliances,32,90,850
2025-05-26,Home Appliances,35,70,850
2025-05-27,Home Appliances,43,121,850
2025-05-28,Home Appliances,37,55,850
2025-05-29,Home Appliances,33,74,850
2025-05-30,Home Appliances,40,108,850
2025-05-31,Home Appliances,34,52,850
2025-06-01,Home Appliances,42,80,850
2025-06-02,Home Appliances,30,98,850
2025-06-03,Home Appliances,28,79,850
2025-06-04,Home Appliances,23,34,850
2025-06-05,Home Appliances,32,114,850
2025-06-06,Home Appliances,27,73,850
2025-06-07,Home Appliances,26,101,850
2025-06-08,Home Appliances,38,73,850
2025-06-09,Home Appliances,24,86,850
2025-06-10,Home Appliances,33,108,850
2025-06-11,Home Appliances,32,113,850
2025-06-12,Home Appliances,32,82,850
2025-06-13,Home Appliances,39,81,850
2025-06-14,Home Appliances,28,61,850
2025-06-15,Home Appliances,38,134,850
2025-06-16,Home Appliances,23,71,850
2025-06-17,Home Appliances,35,52,850
2025-06-18,Home Appliances,38,98,850
2025-06-19,Home Appliances,11,67,850
2025-06-20,Home Appliances,31,123,850
2025-06-21,Home Appliances,30,34,850
2025-06-22,Home Appliances,31,119,850
2025-06-23,Home Appliances,39,62,850
2025-06-24,Home Appliances,26,118,850
2025-06-25,Home Appliances,24,87,850
2025-06-26,Home Appliances,30,88,850
2025-06-27,Home Appliances,35,72,850
2025-06-28,Home Appliances,32,64,850
2025-06-29,Home Appliances,30,39,850
2025-06-30,Home Appliances,28,64,850
2025-07-01,Home Appliances,19,115,850
2025-07-02,Home Appliances,32,118,850
2025-07-03,Home Appliances,32,42,850
2025-07-04,Home Appliances,25,48,850
2025-07-05,Home Appliances,26,113,850
2025-07-06,Home Appliances,23,93,850
2025-07-07,Home Appliances,33,53,850
2025-07-08,Home Appliances,26,45,850
2025-07-09,Home Appliances,27,36,850
2025-07-10,Home Appliances,31,119,850
2025-07-11,Home Appliances,29,75,850
2025-07-12,Home Appliances,30,129,850
2025-07-13,Home Appliances,28,74,850
2025-07-14,Home Appliances,28,42,850
2025-07-15,Home Appliances,28,71,850
2025-07-16,Home Appliances,29,90,850
2025-07-17,Home Appliances,29,34,850
2025-07-18,Home Appliances,20,85,850
2025-07-19,Home Appliances,23,98,850
2025-07-20,Home Appliances,25,28,850
2025-07-21,Home Appliances,28,50,850
2025-07-22,Home Appliances,34,46,850
2025-07-23,Home Appliances,22,102,850
2025-07-24,Home Appliances,30,60,850
2025-07-25,Home Appliances,23,38,850
2025-07-26,Home Appliances,32,72,850
2025-07-27,Home Appliances,35,124,850
2025-07-28,Home Appliances,16,107,850
2025-07-29,Home Appliances,23,23,850
2025-07-30,Home Appliances,13,24,850
2025-07-31,Home Appliances,16,71,850
2025-08-01,Home Appliances,16,65,850
2025-08-02,Home Appliances,28,47,850
2025-08-03,Home Appliances,26,91,850
2025-08-04,Home Appliances,28,63,850
2025-08-05,Home Appliances,27,105,850
2025-08-06,Home Appliances,26,63,850
2025-08-07,Home Appliances,24,45,850
2025-08-08,Home Appliances,23,83,850
2025-08-09,Home Appliances,29,78,850
2025-08-10,Home Appliances,23,118,850
2025-08-11,Home Appliances,26,84,850
2025-08-12,Home Appliances,12,31,850
2025-08-13,Home Appliances,17,52,850
2025-08-14,Home Appliances,28,124,850
2025-08-15,Home Appliances,19,33,850
2025-08-16,Home Appliances,16,77,850
2025-08-17,Home Appliances,26,28,850
2025-08-18,Home Appliances,23,115,850
2025-08-19,Home Appliances,20,110,850
2025-08-20,Home Appliances,30,34,850
2025-08-21,Home Appliances,29,84,850
2025-08-22,Home Appliances,21,51,850
2025-08-23,Home Appliances,26,111,850
2025-08-24,Home Appliances,11,45,850
2025-08-25,Home Appliances,27,97,850
2025-08-26,Home Appliances,16,85,850
2025-08-27,Home Appliances,14,39,850
2025-08-28,Home Appliances,13,13,850
2025-08-29,Home Appliances,12,94,850
2025-08-30,Home Appliances,27,33,850
2025-08-31,Home Appliances,25,60,850
2025-09-01,Home Appliances,17,92,850
2025-09-02,Home Appliances,26,109,850
2025-09-03,Home Appliances,18,104,850
2025-09-04,Home Appliances,23,47,850
2025-09-05,Home Appliances,19,112,850
2025-09-06,Home Appliances,20,78,850
2025-09-07,Home Appliances,16,76,850
2025-09-08,Home Appliances,17,45,850
2025-09-09,Home Appliances,24,118,850
2025-09-10,Home Appliances,24,41,850
2025-09-11,Home Appliances,19,59,850
2025-09-12,Home Appliances,13,31,850
2025-09-13,Home Appliances,33,36,850
2025-09-14,Home Appliances,21,85,850
2025-09-15,Home Appliances,22,62,850
2025-09-16,Home Appliances,14,28,850
2025-09-17,Home Appliances,27,80,850
2025-09-18,Home Appliances,27,90,850
2025-09-19,Home Appliances,12,83,850
2025-09-20,Home Appliances,20,34,850
2025-09-21,Home Appliances,20,98,850
2025-09-22,Home Appliances,32,81,850
2025-09-23,Home Appliances,28,49,850
2025-09-24,Home Appliances,13,30,850
2025-09-25,Home Appliances,17,96,850
2025-09-26,Home Appliances,16,17,850
2025-09-27,Home Appliances,22,57,850
2025-09-28,Home Appliances,28,47,850
2025-09-29,Home Appliances,21,36,850
2025-09-30,Home Appliances,23,89,850
2025-10-01,Home Appliances,17,46,850
2025-10-02,Home Appliances,23,77,850
2025-10-03,Home Appliances,18,83,850
2025-10-04,Home Appliances,12,110,850
2025-10-05,Home Appliances,23,48,850
2025-10-06,Home Appliances,21,77,850
2025-10-07,Home Appliances,15,83,850
2025-10-08,Home Appliances,29,30,850
2025-10-09,Home Appliances,17,72,850
2025-10-10,Home Appliances,24,107,850
2025-10-11,Home Appliances,19,80,850
2025-10-12,Home Appliances,29,62,850
2025-10-13,Home Appliances,20,117,850
2025-10-14,Home Appliances,13,68,850
2025-10-15,Home Appliances,25,79,850
2025-10-16,Home Appliances,29,48,850
2025-10-17,Home Appliances,19,68,850
2025-10-18,Home Appliances,25,49,850
2025-10-19,Home Appliances,22,105,850
2025-10-20,Home Appliances,19,43,850
2025-10-21,Home Appliances,26,78,850
2025-10-22,Home Appliances,18,31,850
2025-10-23,Home Appliances,22,81,850
2025-10-24,Home Appliances,23,65,850
2025-10-25,Home Appliances,23,84,850
2025-10-26,Home Appliances,18,93,850
2025-10-27,Home Appliances,32,100,850
2025-10-28,Home Appliances,28,90,850
2025-10-29,Home Appliances,27,28,850
2025-10-30,Home Appliances,29,82,850
2025-10-31,Home Appliances,23,38,850
2025-11-01,Home Appliances,21,75,850
2025-11-02,Home Appliances,17,110,850
2025-11-03,Home Appliances,19,61,850
2025-11-04,Home Appliances,18,78,850
2025-11-05,Home Appliances,20,57,850
2025-11-06,Home Appliances,24,68,850
2025-11-07,Home Appliances,28,78,850
2025-11-08,Home Appliances,28,69,850
2025-11-09,Home Appliances,17,40,850
2025-11-10,Home Appliances,27,56,850
2025-11-11,Home Appliances,29,65,850
2025-11-12,Home Appliances,22,74,850
2025-11-13,Home Appliances,30,92,850
2025-11-14,Home Appliances,28,38,850
2025-11-15,Home Appliances,18,95,850
2025-11-16,Home Appliances,35,57,850
2025-11-17,Home Appliances,21,100,850
2025-11-18,Home Appliances,29,78,850
2025-11-19,Home Appliances,29,113,850
2025-11-20,Home Appliances,19,73,850
2025-11-21,Home Appliances,26,80,850
2025-11-22,Home Appliances,30,33,850
2025-11-23,Home Appliances,19,115,850
2025-11-24,Home Appliances,26,79,850
2025-11-25,Home Appliances,31,91,850
2025-11-26,Home Appliances,31,108,850
2025-11-27,Home Appliances,24,106,850
2025-11-28,Home Appliances,34,38,850
2025-11-29,Home Appliances,33,132,850
2025-11-30,Home Appliances,28,122,850
2025-12-01,Home Appliances,23,40,850
2025-12-02,Home Appliances,21,64,850
2025-12-03,Home Appliances,29,59,850
2025-12-04,Home Appliances,34,127,850
2025-12-05,Home Appliances,26,46,850
2025-12-06,Home Appliances,23,69,850
2025-12-07,Home Appliances,32,61,850
2025-12-08,Home Appliances,29,83,850
2025-12-09,Home Appliances,31,98,850
2025-12-10,Home Appliances,25,93,850
2025-12-11,Home Appliances,26,66,850
2025-12-12,Home Appliances,26,70,850
2025-12-13,Home Appliances,31,104,850
2025-12-14,Home Appliances,27,117,850
2025-12-15,Home Appliances,32,111,850
2025-12-16,Home Appliances,26,55,850
2025-12-17,Home Appliances,32,108,850
2025-12-18,Home Appliances,33,132,850
2025-12-19,Home Appliances,31,115,850
2025-12-20,Home Appliances,35,79,850
2025-12-21,Home Appliances,28,72,850
2025-12-22,Home Appliances,34,112,850
2025-12-23,Home Appliances,32,115,850
2025-12-24,Home Appliances,27,110,850
2025-12-25,Home Appliances,21,65,850
2025-12-26,Home Appliances,23,77,850
2025-12-27,Home Appliances,20,78,850
2025-12-28,Home Appliances,34,38,850
2025-12-29,Home Appliances,30,61,850
2025-12-30,Home Appliances,32,37,850
2025-12-31,Home Appliances,31,124,850
2026-01-01,Home Appliances,35,60,850
2026-01-02,Home Appliances,35,71,850
2026-01-03,Home Appliances,33,45,850
2026-01-04,Home Appliances,33,125,850
2026-01-05,Home Appliances,34,102,850
2026-01-06,Home Appliances,40,64,850
2026-01-07,Home Appliances,23,35,850
2026-01-08,Home Appliances,30,117,850
2026-01-09,Home Appliances,38,132,850
2026-01-10,Home Appliances,39,58,850
2026-01-11,Home Appliances,36,107,850
2026-01-12,Home Appliances,33,92,850
2026-01-13,Home Appliances,44,116,850
2026-01-14,Home Appliances,36,56,850
2026-01-15,Home Appliances,35,95,850
2026-01-16,Home Appliances,42,125,850
2026-01-17,Home Appliances,38,116,850
2026-01-18,Home Appliances,40,65,850
2026-01-19,Home Appliances,41,94,850
2026-01-20,Home Appliances,34,75,850
2026-01-21,Home Appliances,45,55,850
2026-01-22,Home Appliances,24,60,850
2026-01-23,Home Appliances,26,36,850
2026-01-24,Home Appliances,33,59,850
2026-01-25,Home Appliances,34,127,850
2026-01-26,Home Appliances,39,121,850
2026-01-27,Home Appliances,33,66,850
2026-01-28,Home Appliances,37,74,850
2026-01-29,Home Appliances,36,96,850
2026-01-30,Home Appliances,47,133,850
2026-01-31,Home Appliances,34,86,850
2026-02-01,Home Appliances,29,93,850
2026-02-02,Home Appliances,44,46,850
2026-02-03,Home Appliances,35,101,850
2026-02-04,Home Appliances,38,65,850
2026-02-05,Home Appliances,35,48,850
2026-02-06,Home Appliances,42,93,850
2026-02-07,Home Appliances,32,61,850
2026-02-08,Home Appliances,25,82,850
2026-02-09,Home Appliances,46,99,850
2026-02-10,Home Appliances,40,108,850
2026-02-11,Home Appliances,45,59,850
2026-02-12,Home Appliances,46,83,850
2026-02-13,Home Appliances,35,112,850
2026-02-14,Home Appliances,40,53,850
2026-02-15,Home Appliances,42,98,850
2026-02-16,Home Appliances,39,97,850
2026-02-17,Home Appliances,39,46,850
2026-02-18,Home Appliances,39,110,850
2026-02-19,Home Appliances,46,64,850
2026-02-20,Home Appliances,39,70,850
2026-02-21,Home Appliances,44,138,850
2026-02-22,Home Appliances,43,71,850
2026-02-23,Home Appliances,36,76,850
2026-02-24,Home Appliances,43,117,850
2026-02-25,Home Appliances,33,77,850
2026-02-26,Home Appliances,43,55,850
2026-02-27,Home Appliances,46,72,850
2026-02-28,Home Appliances,47,65,850
2026-03-01,Home Appliances,37,62,850
2026-03-02,Home Appliances,39,91,850
2026-03-03,Home Appliances,43,93,850
2026-03-04,Home Appliances,40,76,850
2026-03-05,Home Appliances,32,40,850
2026-03-06,Home Appliances,39,130,850
2026-03-07,Home Appliances,44,139,850
2026-03-08,Home Appliances,48,99,850
2026-03-09,Home Appliances,51,104,850
2026-03-10,Home Appliances,43,45,850
2026-03-11,Home Appliances,45,140,850
2026-03-12,Home Appliances,47,115,850
2026-03-13,Home Appliances,32,39,850
2026-03-14,Home Appliances,38,51,850
2026-03-15,Home Appliances,43,45,850
2026-03-16,Home Appliances,51,74,850
2026-03-17,Home Appliances,46,58,850
2026-03-18,Home Appliances,45,87,850
2026-03-19,Home Appliances,42,70,850
2026-03-20,Home Appliances,45,116,850
2026-03-21,Home Appliances,40,90,850
2026-03-22,Home Appliances,39,80,850
2026-03-23,Home Appliances,40,70,850
2026-03-24,Home Appliances,50,112,850
2026-03-25,Home Appliances,39,64,850
2026-03-26,Home Appliances,41,58,850
2026-03-27,Home Appliances,46,127,850
2026-03-28,Home Appliances,39,95,850
2026-03-29,Home Appliances,45,51,850
2026-03-30,Home Appliances,45,92,850
2026-03-31,Home Appliances,40,119,850
2026-04-01,Home Appliances,42,101,850
2026-04-02,Home Appliances,39,71,850
2026-04-03,Home Appliances,50,52,850
2026-04-04,Home Appliances,45,48,850
2026-04-05,Home Appliances,38,137,850
2026-04-06,Home Appliances,44,47,850
2026-04-07,Home Appliances,44,85,850
2026-04-08,Home Appliances,32,40,850
2026-04-09,Home Appliances,50,100,850
2026-04-10,Home Appliances,39,55,850
2026-04-11,Home Appliances,54,70,850
2026-04-12,Home Appliances,48,144,850
2026-04-13,Home Appliances,38,57,850
2026-04-14,Home Appliances,42,55,850
2026-04-15,Home Appliances,48,69,850
2026-04-16,Home Appliances,42,93,850
2026-04-17,Home Appliances,49,75,850
2026-04-18,Home Appliances,42,84,850
2026-04-19,Home Appliances,43,45,850
2026-04-20,Home Appliances,48,135,850
2026-04-21,Home Appliances,46,139,850
2026-04-22,Home Appliances,39,46,850
2026-04-23,Home Appliances,45,130,850
2026-04-24,Home Appliances,44,132,850
2026-04-25,Home Appliances,39,48,850
2026-04-26,Home Appliances,36,64,850
2026-04-27,Home Appliances,33,72,850
2026-04-28,Home Appliances,41,105,850
2026-04-29,Home Appliances,43,63,850
2026-04-30,Home Appliances,45,68,850
2026-05-01,Home Appliances,47,119,850
2026-05-02,Home Appliances,41,100,850
2026-05-03,Home Appliances,42,67,850
2026-05-04,Home Appliances,39,47,850
2026-05-05,Home Appliances,43,62,850
2026-05-06,Home Appliances,47,102,850
2026-05-07,Home Appliances,43,141,850
2026-05-08,Home Appliances,48,83,850
2026-05-09,Home Appliances,47,82,850
2026-05-10,Home Appliances,49,121,850
2026-05-11,Home Appliances,43,64,850
2026-05-12,Home Appliances,39,39,850
2026-05-13,Home Appliances,45,113,850
2026-05-14,Home Appliances,40,112,850
2026-05-15,Home Appliances,44,80,850
2026-05-16,Home Appliances,38,120,850
2026-05-17,Home Appliances,37,108,850
2026-05-18,Home Appliances,47,142,850
2026-05-19,Home Appliances,36,48,850
2026-05-20,Home Appliances,46,129,850
2026-05-21,Home Appliances,44,143,850
2026-05-22,Home Appliances,41,83,850
2026-05-23,Home Appliances,31,67,850
2026-05-24,Home Appliances,48,141,850
2026-05-25,Home Appliances,36,109,850
2026-05-26,Home Appliances,45,139,850
2026-05-27,Home Appliances,37,61,850
2026-05-28,Home Appliances,36,128,850
2026-05-29,Home Appliances,43,130,850
2026-05-30,Home Appliances,43,63,850
2026-05-31,Home Appliances,34,74,850
2026-06-01,Home Appliances,47,119,850
2026-06-02,Home Appliances,38,79,850
2026-06-03,Home Appliances,40,81,850
2026-06-04,Home Appliances,38,39,850
2026-06-05,Home Appliances,33,100,850
2026-06-06,Home Appliances,43,50,850
2026-06-07,Home Appliances,40,135,850
2026-06-08,Home Appliances,35,95,850
2026-06-09,Home Appliances,43,56,850
2026-06-10,Home Appliances,39,115,850
2026-06-11,Home Appliances,39,59,850
2026-06-12,Home Appliances,47,70,850
2026-06-13,Home Appliances,30,79,850
2026-06-14,Home Appliances,30,111,850
2026-06-15,Home Appliances,31,75,850
2026-06-16,Home Appliances,39,102,850
2026-06-17,Home Appliances,35,98,850
2026-06-18,Home Appliances,36,61,850
2026-06-19,Home Appliances,32,63,850
2026-06-20,Home Appliances,45,101,850
2026-06-21,Home Appliances,47,99,850
2026-06-22,Home Appliances,41,73,850
2026-06-23,Home Appliances,29,80,850
2026-06-24,Home Appliances,34,128,850
2026-06-25,Home Appliances,40,57,850
2026-06-26,Home Appliances,36,70,850
2026-06-27,Home Appliances,40,51,850
2026-06-28,Home Appliances,42,92,850
2026-06-29,Home Appliances,45,133,850
2026-06-30,Home Appliances,32,126,850
